course_id,prereq_id
RELI 1554,AAAS 3340
ASLS 3100,PADP 3813
TCHR 2470,RUSS 4025
PADM 1530,COAD 1643
FORL 3690,GERM 2495
RONC 2534,TESL 2890
SOCW 3075,BITE 3671
NCST 2357,HIED 1570
COAD 2099,HIST 1192
WOST 3199,ENED 1493
MENG 3888,ADED 3220
TCHR 2283,LDHE 2629
LDSP 4540,BISC 1549
FINA 4543,ATMO 1237
CSCI 4360,FREN 4430
LATN 1909,CMGT 1010
DRED 1161,AAAS 3296
FINA 3643,MKTG 1233
BIOE 2604,MPH 3862
PHYS 2689,ANTH 3182
ELEM 2317,ASIA 1346
FREN 4430,SPAN 4611
DESN 2494,HLTH 2265
IDIS 2457,LATN 2385
JAPN 2136,ENTR 2136
GLST 4781,ECON 2361
BMSC 2681,ITAL 3922
FILM 4778,IENG 1091
ANTH 3069,GRBK 1685
CSCI 3923,EENG 1726
DESN 1980,GENS 2511
ELEM 1089,HNRS 4114
ADRE 4252,BITE 3671
HIMA 1518,RUSI 4833
HIED 3168,ICS 1071
MGMT 1889,DNCE 1929
CLAS 4337,IENG 3867
FILM 1818,IRHE 2510
EHST 1347,ANAT 1585
HLTH 2322,RUSI 2833
LATN 2451,BIME 4367
ENVE 3791,PUBH 3177
MAST 3605,ONCO 3861
READ 3255,GEOL 1619
PADP 2003,ADRE 4520
ONCO 2225,PSYC 1958
UNIV 3792,FILM 4596
OCCT 1466,KINE 2945
EDTC 3338,ARTH 1797
HPRO 3529,ENTR 2031
BIOS 4343,ADRE 2584
BIOL 2022,SOCI 4317
SUTO 2375,IRHE 3255
GERO 1538,NURS 2198
ASIA 3345,MENG 1452
ADRE 2533,PADM 3286
ATEP 4510,GRAD 1580
ART 4669,MCBI 4308
ECON 4689,MIS 4694
COAD 3429,GLST 1158
BMSC 2504,GLST 3059
RCTX 4794,SCIE 1659
DASC 1712,MAST 3683
LDSP 1090,BIME 3667
CHEM 1797,PADM 4851
INTL 1592,HIED 1825
FILM 4596,GRK 3338
MULT 3843,ENED 1319
PADP 4100,AERO 2404
AERO 4208,DASC 1684
ADED 2541,ACCT 1433
COAD 1597,MRCH 1249
MPH 2509,PHLY 4098
THEA 2008,PTHE 4879
GRAD 1813,DESN 1804
ANTH 2020,LATN 2434
RCTX 1929,HIMA 3757
FREN 3311,SAFT 2536
EHST 1083,ICS 2420
GRAD 2217,BIOE 1466
ART 3225,IDSN 3917
MENG 3534,ECON 3420
OCCT 1870,PATH 3270
FLGC 1500,ASLS 2080
MLSC 2587,LEED 2794
ITEC 1541,MKTG 2391
BISC 1863,FACS 3653
SOCW 4843,IDIS 1166
GEOG 2066,ICS 3707
HUMS 4495,NCST 2424
JUST 4640,FINA 2093
FACS 4719,MRST 1343
BIOL 2020,ONCO 2128
LDSP 1019,ENVE 1715
LDHE 2282,RUSS 4792
PUBH 2117,PATH 4362
RONC 1252,IENG 1551
CLAS 4750,ACCT 3523
HIED 3740,HNRS 2268
RCSC 1628,FLGC 1697
DNCE 1409,FACS 1168
BIOE 2049,FILM 2044
FLGC 3273,DNCE 1742
BIOS 3393,MGMT 2775
ART 3737,PATH 2398
HNRS 1243,PADM 2129
ENGL 1067,ICTN 1331
CSCI 4360,PTHE 2315
MATH 4024,SOCW 1257
COAS 2177,COAS 4599
HLTH 2265,AERO 2933
BIOL 4431,HDFS 2968
IDIS 2688,PATH 1861
ENED 3816,LDHE 3698
PHIL 1935,POLS 2880
TCHR 1817,RELI 3401
GEOG 2589,SECS 1602
LEED 1081,ISE 3680
HNRS 1243,SAFT 3210
KINE 3637,GEOL 4119
PTHE 3771,PHAR 4214
WOST 3745,MKTG 4804
MIDG 3136,BIOE 1260
ENED 1493,DNCE 4150
ATEP 1851,FREN 2452
ANAT 3776,RONC 3953
AAAS 4295,TCHR 4426
MUSC 2650,NURS 2565
SECS 1602,MPH 2419
HSMA 3097,DNCE 2374
GENS 1545,MRST 4872
MKTG 4457,EHST 1347
ATEP 4804,SOCW 3739
ICS 3093,ATMO 2090
ETHN 3008,GLST 3819
ADRE 3209,HIST 4504
DESN 1804,RONC 3528
JUST 1197,HNRS 2037
BIOC 2390,DESN 3272
FLGC 1697,ANAT 4388
ETHN 2481,BIOE 4246
GERM 4590,RELI 2431
BIOS 4151,OMGT 3128
WOST 1199,ADRE 1260
LDSP 1671,GENS 3303
EHST 3536,HIST 3130
HPRO 4140,PADM 4049
IENG 2224,HDFS 3772
FLGC 2664,ASLS 1916
GERO 4222,HLTH 2265
MGMT 1889,MUSC 1309
NURS 3544,PUBH 3558
PATH 3560,RONC 2543
ITEC 4012,SUTO 2375
BISC 1737,HPRO 4333
GEOG 3084,POLS 2248
MKTG 2767,MULT 3131
PTHE 1139,PLAN 4440
HMGT 1395,CMGT 3763
PTHE 1609,ETHN 2366
ENGL 1067,IPAM 4118
MULT 3235,MENG 3940
RONC 2450,WOST 3574
ATMO 2307,MATH 4799
NURS 3871,FILM 1681
GERM 3278,COAD 2539
BIOS 1101,SENG 1853
MLSC 2897,DNCE 4150
GERO 2404,PADM 2877
GRAD 1903,COHE 1765
MIDG 1552,RONC 3829
IENG 1091,GRK 4753
ADRE 2003,ENGL 3282
HIST 2091,MGMT 3827
BITE 1964,MRST 2729
MATH 2237,DESN 1518
CLSC 1235,COMM 2154
MAST 3683,FREN 2884
PADP 1063,ADRE 4203
AAAS 1546,PUBH 2580
SENG 2455,FILM 4333
MUSC 4552,ADED 1086
HIMA 4214,ENTR 1115
SECS 3720,COHE 1380
SUTO 3099,EDTC 1644
LING 3208,POLS 3569
ITEC 1211,IRHE 1133
EDUC 3143,LIBS 3886
SUTO 3720,ICS 3516
PADM 1034,WOST 2998
HSMA 3503,ENED 1624
DESN 3409,BISC 4841
ASIA 3318,RCSC 4536
ONCO 1272,NURS 3929
SOCW 2843,ITAL 1428
DASC 3741,PLAN 2081
MIS 1958,HPRO 4140
TCHR 1470,PHIL 4595
PTHE 1315,ECON 2361
FILM 2738,MUSC 2983
MIDG 1423,MENG 3746
EDUC 3943,BMSC 4648
MAST 4140,BUSI 1162
ENGR 4791,RUSI 4869
FREN 4898,PATH 3116
AAAS 4800,PADP 4030
AAAS 3026,EDTC 2533
FORL 4369,MGMT 1174
IDSN 1632,GRBK 4690
LING 4410,BISC 1053
MIDG 2844,FILM 4642
ETHN 4683,TCHR 3940
OMGT 4517,HPRO 2563
MLSC 1065,WOST 1199
HNRS 3924,CMGT 4783
MENG 3746,ITAL 1992
HIST 2578,ANAT 1948
FILM 3298,HLTH 3388
THEA 1418,UNIV 4643
GRAD 2667,HIED 3308
PTHE 3757,IRHE 3837
ENED 1624,MIDG 1566
AERO 2933,BISC 4451
HLTH 3947,MGMT 4034
IDSN 4386,HLTH 1725
UNIV 1325,PSYC 2533
MGMT 3471,HSMA 1119
IDSN 2374,PHYS 1441
HPRO 2946,RONC 2599
PHIL 4551,BITE 1041
ATMO 2172,PSYC 3528
SCIE 2434,AAAS 1353
MGMT 1838,SPED 2944
CSDI 1600,CMGT 3073
CSCI 1476,SOCI 3275
HNRS 3484,CLSC 3404
ETHN 3282,LDHE 4098
HLTH 3388,ENTR 2136
EDTC 2197,RONC 4628
MUSC 2006,COMM 2825
ENED 2062,ENED 4562
BITE 3671,FINA 3644
SOCW 2231,ICS 3707
BIOS 1870,CLSC 4369
ASIA 3345,NUTR 1463
MIS 3059,PTHE 3237
GLST 3185,GENS 3303
IPAM 1306,HIST 1161
PADP 4054,COAD 4498
ETHN 1496,FILM 2762
DNCE 2031,GEOL 2640
TCHR 4135,GERO 1538
DESN 1980,HSMA 2078
ICTN 1331,COHE 3510
PTHE 2494,IENG 3190
MGMT 1838,MKTG 4033
MATH 3615,RONC 2543
CSDI 1221,RCTX 2395
LATN 2171,HNRS 2037
LDSP 1323,BIOS 4315
FLGC 2679,CHEM 4781
MUSC 1312,ART 4842
NEUR 4787,WOST 1698
PTHE 2996,BIOS 4151
IDSN 2111,SECS 1248
GEOL 1104,ENED 3891
ITAL 3308,IDSN 2740
SCIE 1425,DNCE 3784
BIOE 1466,CSDI 2064
MENG 3534,ENTR 4317
GRK 4753,SPED 4188
BIOS 4710,MPH 3642
HPRO 4087,SOCI 3397
AERO 4072,ANTH 1741
HNRS 1037,DASC 3359
TESL 2311,OCCT 4813
THEA 1725,HLTH 1608
SOCI 2108,CSDI 2013
RUSI 3306,GEOL 4119
GRAD 2217,SUTO 2490
SPAN 2127,ENGL 1103
PUBH 2785,IDIS 1233
BIOL 3070,NEUR 2415
IPAM 2716,THEA 1418
POLS 2160,ANAT 3428
IDSN 2308,IDIS 2457
ONCO 4769,EDUC 4811
PUBH 3186,MIDG 1854
PUBH 3558,MAST 2964
SOCW 3075,PADP 1025
GLST 2003,GEOL 4674
RCSC 1556,NEUR 4081
PHIL 3242,HIST 4728
MLSC 3901,AAAS 4333
ATEP 4714,MLSC 1651
HIST 3578,READ 3303
FLGC 2391,BIOE 4238
ART 1856,ANAT 4203
EDUC 3618,COAD 1643
LEED 3726,SAFT 1528
MRCH 2032,MULT 1545
HIED 3771,MKTG 2923
BIOL 4631,COAD 2063
ENGL 1821,SOCW 4220
OMGT 4517,FREN 4202
SOCW 3164,ONCO 3861
TCHR 4426,ATMO 1997
HIED 4571,MCBI 3006
IDSN 2740,PLAN 3961
MRST 2729,MLSC 4498
ONCO 1217,CMGT 3763
COAS 4593,SOCI 4412
DESN 1562,LIBS 1072
EENG 4335,OMGT 1488
PLAN 4440,PTHE 3893
MCBI 1088,NEUR 1845
PHLY 1501,CMED 3602
UNIV 4113,ECON 2938
HUMS 3554,MKTG 1607
LATN 1909,MLSC 1760
POLS 2540,RELI 3401
ANAT 1948,LEED 2794
COMM 2009,GERM 1036
ART 2823,PADM 1530
ISE 3904,BIOS 2433
LDSP 1507,GLST 1158
GRK 1644,DNCE 1577
OMGT 4801,SOCI 4412
ITEC 4012,ITAL 3095
PADM 4049,ITEC 2751
EENG 2421,DRED 1152
COAD 4404,ASLS 1916
ICS 1704,HNRS 3492
ONCO 4769,LIBS 2140
GRK 3338,PATH 3116
CSDI 1620,BIOS 3775
FREN 1297,BIOS 1749
IRHE 3185,KINE 4701
THEA 2004,BIOL 1929
BITE 3995,SCIE 4440
MKTG 3631,LEED 3572
ATEP 3028,ISE 2560
RELI 1442,RCSC 2223
DNCE 2374,DRED 2776
FILM 1681,UNIV 3792
GERO 1019,DASC 4654
RONC 2106,PHYS 4493
MIS 1589,TCHR 1184
GEOG 3084,COHE 4577
ECON 3599,HIST 3270
LDSP 1323,MKTG 3055
ANAT 3475,JAPN 3720
GEOG 3004,GRAD 1903
ICS 3474,GEOL 1249
BMSC 1084,MKTG 4160
RCTX 3590,SAFT 3210
PADM 3485,RUSS 4283
ETHN 2291,SAFT 2926
BMSC 2504,RUSS 4637
LIBS 3650,GRK 4220
GRAD 4225,ENTR 1558
GRAD 2060,ETHN 1078
CHEM 4806,ITAL 3404
ICS 1704,FILM 4443
OMGT 2819,PTHE 3311
PHAR 2672,ATEP 4890
ENED 2929,BIOC 1333
SCIE 1302,RCSC 2413
HIST 3999,COAD 3832
MLSC 4874,RCSC 2251
RCSC 1018,ARTH 3413
GRBK 4193,HDFS 2291
PATH 1577,HDFS 2171
PADM 2516,WOST 3915
MLSC 1005,BIOS 3350
AERO 4186,PHYS 4493
PATH 3089,FINA 2091
ARTH 1480,UNIV 3792
PTHE 4165,MLSC 2975
LDHE 4203,PSYC 3045
AERO 4160,PHYS 3498
RUSI 3306,MATE 4886
LING 2646,SUTO 4795
ART 3317,RELI 3187
HLTH 3309,RONC 3714
BUSI 1819,ATEP 1745
ONCO 4769,MGMT 4187
PLAN 1798,AAAS 3296
LDHE 3698,OCCT 2311
GRAD 4350,SECS 3031
JAPN 3164,DNCE 4063
RONC 3829,TCHR 3259
MPH 3801,BIOE 3123
HLTH 1717,RUSS 4774
SPED 2342,SOCI 4317
FLGC 3050,PATH 1861
NUTR 2366,BIOE 3065
HIST 4279,GERM 4590
SPAN 1000,SPAN 1995
HMGT 1742,TCHR 3935
ADED 4420,JUST 3203
COMM 2552,LDHE 2282
INTL 3708,GERO 4067
ANTH 4252,BMSC 4338
PHAR 1682,ADED 4063
GEOL 3577,MENG 2737
RELI 2291,DASC 3818
LIBS 2175,LEED 1495
HLTH 2454,IENG 1091
DASC 1684,ETHN 2235
CSDI 1600,UNIV 3975
GEOG 3795,ADRE 4582
IPAM 4102,SAFT 4154
GEOG 2589,OMGT 4782
GERO 4620,READ 2154
RCSC 3140,HUMS 4028
MUSC 2277,CSDI 2458
SUTO 3720,MENG 2041
GEOG 3036,MLSC 3726
PHAR 1925,COHE 1562
PATH 3335,MAST 2514
SECS 4796,SUTO 2307
SCIE 4174,PSYC 3284
NCST 4648,MENG 4319
GRBK 4576,ITAL 3308
PHLY 3281,ANTH 4044
ITAL 3308,PTHE 2315
EENG 2421,OMGT 2365
ENTR 1828,RELI 2035
IPAM 4118,SECS 4804
PSYC 3045,BIOS 2920
MULT 4342,MAST 2514
SECS 4518,TCHR 4426
COHE 2233,LING 4410
MENG 1879,COHE 4623
RUSI 1873,PUBH 4637
SUTO 3023,HIMA 4634
ELEM 3643,DRED 2776
JUST 4434,ASLS 2918
RCTX 3294,SENG 2540
FILM 4778,GIFT 3707
BIOS 3321,DASC 4109
JUST 2919,LEED 3109
SAFT 3908,ELEM 1855
CMED 4434,ASLS 2379
LDHE 1604,GENS 2375
RONC 2543,LATN 2434
ETHN 1606,BIOE 2604
ATEP 2165,MAST 3489
ENVE 4242,FLGC 4065
COMM 1234,ANTH 2245
INTL 4730,MLSC 2994
CMGT 1841,MAST 2896
FREN 1297,OCCT 1070
NURS 1185,SPED 2492
MULT 3115,ENTR 1400
CLSC 4433,UNIV 2842
JAPN 2247,MLSC 3063
MAST 4677,GRBK 2243
IDIS 2551,KINE 1410
WOST 3915,MGMT 4026
IENG 2224,MATH 1815
GENS 3705,WOST 2723
PHAR 1334,CMED 4661
SENG 2271,PUBH 3177
ENED 2819,ASLS 2379
GIFT 2891,MIS 1185
ENTR 1904,WOST 3099
IRHE 2998,HIST 4279
AERO 1253,RUSS 1030
COAD 1247,EDUC 2205
INTL 4248,FINA 4231
POLS 2540,MRCH 2184
NURS 4072,OMGT 4595
EDUC 3144,IRHE 3185
SUTO 4587,IPAM 1927
ETHN 1720,SAFT 2536
GLST 4609,PHIL 4854
COHE 2633,GENS 1545
MCBI 4309,ACCT 2115
SAFT 3467,ARTH 1517
ENVE 2309,ITEC 1539
HDFS 3166,IDIS 2070
HIED 1960,FACS 4686
BIOS 1101,ICS 4295
LATN 1413,MIDG 1423
IDIS 1030,COAS 3781
PLAN 3316,ENGL 1103
RONC 3099,MRST 1148
LDHE 4546,RUSS 4025
HLTH 3285,ICS 1821
BITE 4312,ATMO 2090
ATMO 4441,SCIE 4174
LIBS 2070,FILM 1506
TCHR 2274,COAD 4404
IENG 2145,FORL 4596
FACS 4664,ENTR 1773
FREN 2015,CMED 3633
BIOE 4322,ENTR 1773
HPRO 2188,HMGT 3398
ADED 1054,COAS 1134
IENG 4195,FACS 4686
CLSC 2885,HIST 4728
RUSI 2881,HPRO 3532
HIED 1195,IENG 4496
ATEP 2883,MENG 2886
IPAM 2558,ONCO 3861
BUSI 3188,ART 4540
EENG 4335,HIED 4661
DASC 1927,FACS 1340
OMGT 3057,CHEM 1795
ENED 2389,COAS 3484
BIOL 4292,ISE 1515
HLTH 1725,JUST 4762
CHIN 1514,HIST 3270
CMED 4496,NURS 4130
GENS 3820,SPED 2354
HIED 3608,SCIE 1415
CHIN 1770,LATN 4734
ART 3737,DNCE 3784
MULT 1340,OCCT 1788
MLSC 1125,IENG 3867
HDFS 1143,FORL 2049
ANAT 4221,CSDI 2064
LING 3208,ISE 2425
RUSS 1591,IDSN 3840
DRED 2660,HMGT 1147
GLST 1502,CHEM 3438
ART 4669,GEOL 3115
MAST 3492,COMM 1643
LING 3408,ANTH 4071
BIOC 2775,ENED 3741
MATE 1193,OMGT 2365
EDTC 2020,COMM 3331
LIBS 3051,RONC 1227
IDSN 1209,INTL 4370
ASIA 4532,AERO 4160
HSMA 4661,FORL 3690
MCBI 1088,MATH 2165
FLGC 2951,ETHN 4472
BIOC 1406,MIDG 1423
NUTR 1377,IDIS 3785
NURS 2554,ARTH 3413
ATMO 2409,READ 2154
HIMA 2306,BMSC 1052
BIOS 2920,ECON 3747
HIST 1742,WOST 3782
BMSC 3205,MRCH 3307
GRAD 2724,KINE 4012
MRCH 1823,LEED 1126
ECON 4689,MIS 3234
HSMA 3966,ART 4476
MIDG 2765,BIOL 2020
GERM 4810,PADP 2580
PTHE 1609,HIMA 2562
BIOL 2745,GRBK 4345
ART 3193,MATH 2823
PTHE 1315,ITAL 4283
EDTC 2020,COHE 4863
SUTO 2134,SOCI 4317
EDTC 3504,ICTN 4269
DNCE 4109,PHIL 1040
MIDG 1854,MULT 4573
HIST 2703,GERM 2465
JUST 4434,SPAN 3090
INTL 3474,ONCO 4665
KINE 4050,CHIN 3170
ENED 4221,MIDG 1385
ECON 4323,BMSC 3365
IDIS 1418,BIME 3943
BITE 2040,HNRS 3995
ARTH 1686,NCST 4461
CMED 1410,GERM 4477
GRAD 3444,RELI 2035
NEUR 4081,MULT 1873
ONCO 4491,NUTR 2214
ENVE 3742,PTHE 2315
SOCI 1231,MENG 4630
SOCW 4728,CLAS 4366
PLAN 2358,BIOC 3759
EHST 3370,BITE 1969
PHIL 2267,HDFS 4133
THEA 4571,LATN 2451
PTHE 1315,MIS 1801
MLSC 2463,RELI 1945
ATMO 1774,PSYC 3365
MRST 2782,MPH 4631
ITAL 2098,CLSC 2946
MULT 1545,FILM 4642
HLTH 2322,EENG 4576
SENG 2736,RUSI 2967
SENG 4257,ELEM 3487
MGMT 3471,RUSS 3699
DNCE 2374,AAAS 4893
CLAS 2014,LATN 3199
KINE 4657,MULT 1306
TESL 2235,BIME 3793
PADP 3861,ASIA 1751
FORL 4053,MRCH 1823
ARTH 2505,CMGT 1010
FINA 4844,AAAS 1143
COMM 3108,CMED 4661
IDIS 1767,BMSC 3429
ITEC 1441,BISC 4699
PSYC 4295,COAS 2884
PSYC 2110,CHIN 4848
ENVE 4083,PHAR 3109
LIBS 3596,BMSC 2681
AERO 1438,FINA 2362
PADM 2980,BMSC 4778
HDFS 1143,MENG 3845
CSCI 1476,MLSC 4173
HUMS 1640,ONCO 4008
RUSI 3437,DNCE 4150
IENG 4496,LDHE 4546
IPAM 3947,IPAM 2467
MPH 2638,ITEC 1211
COAD 2886,GEOG 1036
THEA 4654,HLTH 2322
WOST 4718,ANTH 1058
BIOL 1929,HSMA 1480
BIOC 4013,HIST 4504
ECON 3599,JUST 4661
PHLY 1116,JUST 4661
ENTR 2466,HIST 4279
PADP 2003,FACS 2871
ANTH 4062,EHST 3115
HLTH 2322,GRBK 3557
RUSI 4218,CMED 1102
ATEP 2704,HIMA 3282
PATH 2787,BMSC 2504
RCSC 3224,MCBI 1825
MCBI 3006,CHEM 4524
SOCW 1032,ADRE 4210
FINA 4211,EDUC 1056
PHAR 4573,IDSN 4113
MUSC 1312,BITE 3440
JUST 4434,EDUC 2103
HDFS 3339,GLST 2257
GENS 2313,IDSN 4113
LATN 3366,CHEM 1195
INTL 1716,ANTH 4662
SUTO 1677,RCSC 3502
ISE 2560,MIDG 4829
MATH 2359,HIED 3721
IDSN 1703,PATH 2398
OCCT 2132,PSYC 2972
CLSC 2757,ENTR 1006
RONC 4395,HPRO 3883
NCST 1484,MAST 4677
READ 2585,OCCT 1314
ART 3369,MIDG 2765
BUSI 2107,PUBH 1512
RELI 2431,RCSC 2413
ENTR 3628,BIOC 3737
FREN 3597,FINA 4165
COAS 4599,RCSC 1018
PSYC 2533,GEOL 2023
MGMT 1858,PADP 1025
ENGR 3120,NCST 1517
FORL 4287,MENG 4020
ATMO 1008,BMSC 1334
DRED 2698,OCCT 3089
NURS 1843,ATMO 4395
MATE 2712,MATE 1565
JUST 4434,PHLY 2359
ELEM 2065,PATH 3560
LDHE 3070,ANTH 1091
MULT 1684,HIED 1411
HNRS 3142,JUST 4704
PADM 2980,COAS 2419
GLST 2257,NEUR 2050
CSDI 1888,POLS 1008
OMGT 1368,MAST 3157
ISE 2560,MGMT 3602
ISE 3974,ART 1273
BITE 1969,ISE 1099
NURS 1017,BIOC 4534
MGMT 2337,LING 2454
BIOE 4131,RCSC 1395
ICTN 2950,PSYC 3406
HMGT 4351,TCHR 3259
AERO 2351,MULT 3254
HIST 1440,BISC 4841
SAFT 2083,COHE 1831
CSDI 4108,HDFS 2171
PTHE 2857,POLS 2478
HUMS 1246,DNCE 3056
KINE 1145,RUSS 2887
AERO 1438,IDIS 1119
ISE 1515,ICTN 4877
EENG 2421,RCSC 2620
ART 1262,GEOG 3247
NUTR 1443,MIDG 3279
SUTO 1685,GEOG 1759
ISE 1623,SUTO 1456
LDHE 3996,BIOE 4377
ONCO 2450,MULT 3180
LING 3727,DNCE 2759
LDSP 2283,JAPN 3240
POLS 2880,THEA 2008
LDHE 4546,COAD 1597
ENGL 1822,RONC 2653
ITEC 2707,ONCO 2162
RUSS 2898,RONC 2587
CSDI 2221,ENGL 1067
ENED 2062,GRBK 2474
MLSC 3063,MULT 2631
DNCE 3005,AAAS 4337
NEUR 4560,MATE 1193
NURS 2554,FILM 2579
MAST 3492,HIED 1548
ICS 3081,HIED 4613
BIOE 2456,MULT 2202
ATMO 2307,RUSI 3906
BIOL 3394,HSMA 3966
COMM 4174,GIFT 1186
BIOE 2456,HIMA 3810
EHST 2102,ISE 1946
MENG 3660,MGMT 4034
GERM 4504,ITAL 2925
COAD 2539,DRED 3117
TCHR 1259,SECS 3832
MAST 2933,ENGR 3370
HLTH 1608,GERM 3777
HNRS 2953,SCIE 2403
DESN 3252,PUBH 3659
MATH 3615,BIOL 2020
ENED 3369,PUBH 2643
ENGR 2656,ASIA 4532
GEOG 3975,FREN 4202
MLSC 2376,HDFS 4558
ONCO 2319,SOCW 4508
CLSC 2885,CLSC 2377
COHE 2820,LING 2646
GIFT 1136,BIOE 1998
GRK 1229,TESL 2710
DASC 4425,ICTN 1076
PATH 2069,ENTR 1558
HNRS 3142,PSYC 4295
CHEM 1329,TCHR 4426
RUSS 2224,DRED 4006
ARTH 2763,ITAL 3247
DNCE 1739,SPED 4852
IPAM 1306,SPAN 2896
ART 4312,TCHR 4198
FILM 2762,CLSC 2757
FINA 3817,SCIE 1140
EDTC 3504,SOCI 4618
PTHE 1725,BIOS 2973
ECON 3889,IDSN 4386
DNCE 1164,HLTH 2511
DASC 1285,THEA 4453
RUSI 3437,OMGT 2726
IDIS 2009,CSDI 3138
LATN 3199,PLAN 4848
LIBS 2715,PADM 4365
GEOG 1017,PHYS 3167
HPRO 4333,MIDG 1056
PHLY 2219,NURS 4072
FACS 2900,LDSP 4900
HNRS 3825,COAD 4404
SPED 3603,JUST 4263
SPAN 1706,ADRE 4667
ARTH 1032,NURS 1843
FREN 1219,TCHR 4426
SUTO 4197,INTL 4370
BIOL 4631,MATE 3036
DESN 2575,CLSC 1027
GIFT 1186,FLGC 1872
PATH 1568,ECON 1328
MRST 4163,ACCT 4852
RELI 1573,RUSS 1679
PHLY 4336,ENED 4370
NUTR 1457,MRST 3108
MGMT 2847,ENGR 1215
CLSC 3594,IPAM 3259
FORL 4287,GERO 1519
MCBI 3002,LEED 3109
RUSS 2887,GERM 4399
COAS 4584,BIOL 4272
GEOL 3577,ISE 1946
HNRS 1243,ICTN 1076
IDSN 1697,COAS 3599
MATH 2520,NCST 2754
HSMA 1776,ELEM 1193
MRCH 2410,PTHE 3757
ASIA 3345,ENGL 3282
GLST 3429,HIED 4571
PHYS 3390,EHST 2102
ITAL 4316,ENGL 3385
HLTH 4476,CMGT 3763
HNRS 3971,ECON 1950
LIBS 3863,EENG 1301
COAS 3335,RCTX 3248
ENGL 3142,COMM 3327
SOCI 1836,SOCW 1767
ART 2823,BIME 2210
HDFS 3722,LATN 2385
AERO 3740,ATMO 3932
TESL 2857,BUSI 3188
ANTH 3069,RONC 2448
BUSI 2989,MIS 3321
MATE 1748,ITEC 4018
ENGR 4220,SENG 2843
BIOL 3902,SECS 2439
ETHN 4718,COMM 1153
BIOE 1185,ART 4680
MLSC 3484,RCTX 1085
PSYC 4189,PATH 2035
PTHE 2087,IRHE 1289
ATEP 2424,ARTH 1797
LDSP 1660,ANAT 3475
INTL 4260,LEED 1495
BIOE 2455,ELEM 3487
ONCO 1249,EDTC 2927
COAS 4584,EDUC 3143
CMED 4758,ONCO 4649
GEOG 2066,LATN 2451
MATH 3266,COAD 1247
GIFT 3324,OCCT 4411
LATN 1052,MKTG 1233
ENTR 3486,INTL 4730
SUTO 2307,COHE 4574
AERO 4545,LEED 1421
GEOL 1440,LDSP 1507
CLSC 3374,ITAL 1232
THEA 4654,CMGT 1449
FINA 4087,TCHR 2755
ETHN 2215,ETHN 4213
CSCI 1652,DRED 2254
NURS 1124,POLS 2248
GEOL 3706,OCCT 1176
SECS 3471,BUSI 3456
PTHE 2494,ASLS 3021
DASC 3194,RUSI 2741
DRED 4759,JUST 2589
IRHE 3459,MRST 4626
PTHE 2289,KINE 2567
SUTO 1472,ANAT 1585
BIOS 1599,DRED 3117
BIOS 3350,GRAD 1898
DNCE 4279,ONCO 2225
RCSC 3431,LDSP 4900
GENS 3222,SPAN 1343
BIOL 2437,RCSC 2509
ACCT 1698,MLSC 4498
ICS 4295,ANAT 2294
SENG 2455,INTL 4248
GERO 1538,ETHN 4498
NUTR 2828,ARTH 1686
THEA 2705,CLAS 2978
GRAD 3602,MIDG 1456
BMSC 3429,RUSI 3766
CHIN 1251,HLTH 3777
BMSC 2874,FACS 2837
ART 1037,ARTH 1719
RCSC 3224,PUBH 1878
TESL 1971,CHEM 2692
RONC 2742,BMSC 3435
RUSI 2967,DESN 2575
DRED 4067,ATMO 4185
COAS 2177,ENGR 2893
LATN 2583,IPAM 1860
EDUC 3216,RUSI 2967
ITEC 1441,EHST 3536
DRED 2776,SUTO 2298
CLSC 1235,PHYS 4118
ELEM 2206,PLAN 4008
HLTH 1750,BIME 2756
RONC 2465,ONCO 4287
GEOL 1440,PHLY 4336
RONC 2064,MPH 2499
LATN 1835,PHAR 2270
BMSC 4132,OMGT 4801
NURS 2691,TESL 2311
ENTR 2031,CHIN 3631
LEED 4518,GRAD 1876
CSCI 4360,ATEP 1728
COMM 1942,HIST 3760
HNRS 1037,MCBI 2716
ATMO 3400,BIOS 2920
ENGR 2278,PADM 4158
OMGT 4788,COAD 3832
AAAS 3529,MIS 2628
ITAL 1492,SENG 3219
DRED 2776,COAS 3781
SCIE 4526,READ 1867
HIST 3550,ACCT 2392
ANAT 4732,ANAT 3428
ECON 4186,RUSI 3906
CLSC 2757,RUSS 4098
ETHN 2557,AERO 3054
RCTX 3478,LEED 1088
DRED 1072,BIOE 3065
ITEC 2834,GRK 3052
LIBS 3203,CMGT 3298
LDSP 4426,PHAR 4573
GRBK 2243,JUST 1782
CHIN 3543,OMGT 2366
WOST 3655,NUTR 2615
CMED 3475,CHIN 4848
ATMO 2684,NURS 1292
PSYC 1958,READ 3950
IDSN 2111,BIOC 3759
BIME 4767,FINA 4844
SPAN 1805,IRHE 2418
FACS 4418,WOST 1573
PADM 4049,ADED 3354
NCST 3949,LDHE 3565
FILM 3255,ITAL 1968
SUTO 4587,GERO 1890
MULT 4870,FACS 1340
MIS 3079,FACS 2959
RUSS 2469,IDIS 2009
ENTR 3486,PUBH 1957
ANTH 4534,CHEM 3815
FREN 4186,SUTO 1801
ENED 4370,BMSC 1219
LATN 1180,LATN 4875
ASLS 4528,NEUR 2415
MAST 2443,BIOL 3125
HIST 1684,RUSI 3561
COHE 2233,EDUC 2205
AAAS 1656,HPRO 4333
CHIN 3392,ASIA 2828
GENS 1257,SPED 2492
LING 1186,RUSS 3183
ICS 2080,RCSC 1556
AAAS 1656,HMGT 1395
TCHR 1778,TCHR 4198
ITAL 4591,SPAN 1706
ADRE 4203,IPAM 2115
SECS 3471,CHEM 4524
RCSC 3582,ENGR 2774
BIOL 1362,PTHE 2123
DRED 2776,SPED 2944
BIOL 1523,PHIL 3706
GRAD 3446,PUBH 1061
ITAL 3922,PTHE 2996
GENS 3186,BIOL 4051
HLTH 1750,PTHE 2289
WOST 1201,UNIV 4317
PUBH 2117,INTL 2264
GERM 3777,TESL 2192
RCSC 2290,GRAD 4225
POLS 3885,MENG 3746
PATH 3116,ECON 3019
POLS 2163,PADM 2568
MUSC 2283,MKTG 1062
MIDG 3728,CLSC 3727
LING 3727,SCIE 1140
LDHE 4098,MCBI 1295
ENED 4093,OCCT 2492
TCHR 3259,NEUR 1568
READ 3116,PADM 4046
PADP 4100,GIFT 1097
CMGT 4783,SPED 1335
MLSC 3988,PLAN 4632
GEOG 2342,RUSI 4813
CHEM 3438,MATE 1325
PTHE 1875,MGMT 1903
AAAS 4868,ANTH 4003
ANAT 1917,PATH 3089
NURS 2671,BIOS 1184
PLAN 1789,COAD 4518
GERM 1998,ENGR 1574
HSMA 1480,ASIA 2518
MULT 1117,ISE 4167
TESL 2311,DASC 1927
MGMT 2467,MLSC 1533
CSDI 1404,LEED 3986
TCHR 2274,EHST 1223
ENVE 2589,PHAR 1682
MIDG 2727,COAS 4041
SCIE 4870,TCHR 1817
RUSS 3123,MENG 3746
SOCW 2966,OCCT 1469
MKTG 1616,FREN 3499
OCCT 1671,CHIN 2113
BIOS 2590,FILM 4535
LING 2707,MUSC 2277
SOCW 4108,ENED 1532
GRK 4135,LING 2860
MAST 4046,TCHR 3940
SPAN 2499,GENS 3487
WOST 3903,SPAN 1995
LDSP 3318,LING 3103
TCHR 4135,RUSS 1357
CMGT 1718,LDSP 4196
PHAR 4631,RONC 2587
ENED 1319,SOCI 1337
IPAM 2467,EENG 4551
NURS 1135,GIFT 1136
CHEM 2772,ART 4333
RONC 2686,PHIL 3443
HMGT 4821,ART 3369
ANAT 3776,MAST 4046
HUMS 2511,PHAR 1930
ITEC 2566,IRHE 4865
WOST 1404,EENG 4703
COAD 2458,PTHE 1759
ASIA 2038,OCCT 2917
EHST 4814,JUST 2919
MLSC 1367,GENS 2300
RCSC 2974,SECS 4584
RONC 2742,MUSC 3370
BITE 1335,LATN 3976
IRHE 2998,PSYC 4218
IDSN 4775,SUTO 1685
SPAN 3574,PTHE 2315
AAAS 2407,HNRS 1659
ATMO 1237,HDFS 4133
HMGT 4603,MIDG 2030
COHE 1875,PADM 2877
FORL 3874,MATH 1815
FILM 1330,MPH 2259
HIED 2874,PHAR 1334
HDFS 3166,COAS 2356
ADRE 3625,RCSC 2251
GEOL 3577,SCIE 2403
WOST 2707,GIFT 3324
WOST 2391,IDSN 1241
HIMA 4200,GEOL 1107
ASIA 3318,PSYC 1958
EHST 1223,ANTH 2245
GEOL 2023,ONCO 2128
RCSC 3140,HNRS 3484
DNCE 3532,NURS 2387
RUSS 2231,COAS 3484
ISE 4167,ADRE 2229
EDUC 3491,GRAD 4225
PSYC 3792,ONCO 1553
DNCE 4109,JAPN 3786
BIOS 4351,BISC 2780
ADED 3134,THEA 3689
SUTO 1974,HIMA 3757
RCSC 2890,COAS 4881
WOST 3574,PUBH 1561
ATMO 4807,BIME 1158
AAAS 4360,HMGT 3883
HIMA 4634,LDHE 4546
SENG 4141,MATE 1938
ENED 1493,MGMT 2467
BISC 1737,MULT 2631
ASLS 2413,NCST 2175
MRCH 2410,CMED 4661
EHST 3340,ATEP 4390
ONCO 1161,HUMS 3737
IENG 4068,UNIV 3561
READ 3905,SCIE 4870
ONCO 1265,IDIS 1247
TCHR 3940,SAFT 2536
MLSC 3719,MLSC 3901
GIFT 1186,PSYC 1958
BUSI 1762,JUST 1197
SPED 3379,EENG 2966
TCHR 2866,NUTR 4128
ACCT 1346,ENED 4370
UNIV 4199,IDSN 1697
CLSC 2551,NCST 2754
OMGT 3984,IENG 3793
MATE 1491,GRK 2355
LING 2707,HLTH 2926
FREN 2947,LING 4890
ARTH 1719,ENVE 1069
DRED 2698,SPED 2694
HDFS 1143,DNCE 1384
BIOL 3070,MIDG 3678
HIED 1730,MLSC 4600
PATH 3052,NCST 4407
IENG 4393,ENVE 4096
POLS 1257,ITAL 4234
PLAN 4404,IDIS 1418
LIBS 4542,SUTO 3192
IPAM 2558,LEED 1917
HUMS 3330,ASLS 2379
AERO 3054,MRCH 4060
GRAD 4225,SOCW 2914
BUSI 2107,LDHE 4098
COAD 1105,MIS 3036
LIBS 1535,ITEC 1909
ANTH 1916,AAAS 4442
GLST 1032,ENGR 3341
LEED 4413,EHST 1223
ENTR 4550,SAFT 4043
ETHN 4683,MLSC 3289
FINA 4854,MUSC 1606
LING 2164,GERM 1048
BIOC 2926,ISE 1746
POLS 1257,GERM 2465
GENS 2708,MAST 4557
FACS 2777,ITEC 3616
MIS 4154,LATN 1835
NUTR 2828,EHST 4253
MUSC 1913,BISC 2129
CHIN 2843,DRED 4229
MLSC 2587,MULT 4041
MENG 4319,ADRE 3490
RELI 1585,EHST 3126
EENG 2966,ART 1273
PADM 2724,IDIS 2262
HIMA 2297,IRHE 2990
MATH 2446,COMM 1671
PUBH 1512,ASLS 1041
ATMO 4807,BIOS 2107
MIS 4615,THEA 2705
TESL 1109,GEOG 3975
ITAL 4091,ONCO 1419
IPAM 3243,DESN 1518
THEA 1640,CLAS 2978
HPRO 3529,AAAS 4398
MLSC 3296,ATMO 1008
MGMT 3471,CMGT 3073
GEOG 1759,HIST 1259
MIS 1801,MULT 2617
HIMA 2172,JUST 2078
CLSC 3270,AERO 2575
GERO 4222,HLTH 2882
GRK 3691,COHE 2233
HNRS 2822,LEED 3986
JUST 4434,SAFT 2926
SPAN 2263,JUST 4661
MIDG 3279,NEUR 4537
THEA 4571,GERO 3221
WOST 3099,UNIV 4459
PADM 1034,HNRS 3142
POLS 1008,COHE 4623
INTL 4248,UNIV 3650
SENG 3992,HUMS 2960
PATH 4256,GEOL 4144
HNRS 1037,ENGR 2893
TCHR 4198,FACS 4074
MCBI 1009,ENGR 2526
ASLS 1331,AAAS 4342
HIED 1195,KINE 2825
SOCW 2847,MRCH 2032
BIOS 2973,ICTN 3444
ENTR 1027,COAD 2458
HDFS 1675,LDSP 2754
ARTH 1686,PHIL 1778
MATH 2310,PHAR 3949
ATMO 2712,MATH 2237
HDFS 2237,POLS 3438
GEOG 3036,RELI 3176
GERM 4399,AERO 2516
FACS 4719,PHLY 3985
NEUR 4081,RCSC 1865
FREN 1021,GRK 4751
ICS 4711,HDFS 4558
FINA 2362,ENED 3912
READ 3636,LDSP 1421
ITEC 2765,SENG 4575
MENG 4183,ANAT 2679
RUSS 1024,AAAS 3026
CSDI 1254,LEED 4413
HDFS 2881,ADED 3024
RONC 1227,SPED 4888
BIOL 3311,DRED 3136
LDHE 2002,IDSN 4840
MIDG 1854,PADP 3462
ENTR 1617,NEUR 2599
PATH 2234,CLSC 2946
ATEP 4572,GERM 3386
SUTO 1256,MULT 2061
GENS 2708,HIMA 2452
SENG 3909,ISE 1433
IPAM 1283,GIFT 2253
BIOS 4593,MENG 2737
ENGR 3445,EENG 4551
FREN 2947,IDSN 2374
INTL 4370,ONCO 1668
BISC 1737,MUSC 2006
RONC 2599,RCSC 4795
CSDI 1620,GRBK 3353
ENTR 3409,FACS 4493
GLST 2003,PADM 2724
OCCT 1671,IPAM 4615
LDHE 2640,HIED 1730
INTL 4319,GERO 4222
GRBK 2537,HIST 4279
ELEM 4035,PADM 4329
MIDG 2727,ONCO 2093
NEUR 1423,BITE 1041
FINA 2690,BISC 2039
COAD 3429,DRED 4511
MCBI 1688,GIFT 1644
FACS 3584,PHYS 3167
ITAL 4283,ICS 4711
LIBS 2070,ANTH 1954
EDUC 1734,UNIV 4643
PHIL 4854,HLTH 1245
LIBS 1251,OMGT 2819
ENGR 4642,RCSC 3564
ENVE 4083,PUBH 3920
SAFT 1856,IDSN 2070
HSMA 3097,AERO 3054
DNCE 2594,HNRS 2252
ETHN 3545,SOCW 3373
LDSP 1671,IPAM 1707
EHST 4148,SAFT 4733
ICTN 1845,SUTO 3684
ARTH 4068,GRK 2355
LDHE 4184,BMSC 1270
LIBS 2834,DRED 4006
MRST 1343,NURS 3135
ASLS 1331,ETHN 1712
MATE 3806,JAPN 3164
EDUC 4655,GRBK 3596
ASLS 2176,ENGR 3186
ACCT 1698,ITEC 2765
DRED 4522,ATMO 1796
EDTC 2587,OMGT 3347
ITAL 1222,MENG 1322
SECS 3720,ITAL 3308
DRED 4067,HMGT 4102
GERO 4067,RCSC 1865
GERO 1407,COAD 4518
ICS 1656,MLSC 1096
ITAL 3404,ARTH 4482
ANTH 1208,GLST 2841
PADM 4530,GEOL 1440
DRED 1016,WOST 3655
HSMA 1119,PADP 4877
MIDG 4073,HPRO 2188
RUSS 2051,HSMA 1109
DASC 3741,SOCW 4843
PHIL 2280,JUST 4434
NURS 1680,HLTH 3645
GENS 4518,ANTH 3182
GRBK 2643,HIED 4613
COHE 4822,GRK 1285
ART 3997,SOCI 1337
COMM 4558,BIOL 4051
HPRO 3083,PADM 1758
PUBH 1422,IPAM 1860
MIDG 2030,NURS 2791
NURS 3871,ENTR 4000
ONCO 2319,SUTO 1268
PHYS 4853,JAPN 3720
MATE 3107,ACCT 3425
HNRS 2511,PADP 1988
SOCW 1704,OCCT 1436
RCSC 2223,MATH 2520
GEOG 1562,JAPN 3786
MATH 1429,BUSI 3188
ONCO 2448,NCST 2000
GRAD 2217,CSDI 1102
HSMA 2260,ENED 1532
BIOE 2363,SPAN 3569
ENGR 4542,ENGR 3684
GLST 3850,FLGC 2679
BITE 3671,HIMA 4568
NCST 3030,ECON 3747
GEOL 1804,FACS 1561
ENVE 3655,MLSC 2020
MATE 1193,ADRE 1277
ENTR 2031,GERO 1929
HIED 1570,ASLS 1960
NEUR 4225,LATN 1478
JUST 3679,FINA 3644
IRHE 1180,COAS 3335
ART 4715,GERM 4396
EENG 4137,CMGT 3298
GENS 2875,PTHE 2996
LATN 3199,JUST 3237
POLS 2248,HNRS 1659
PHYS 1582,ATMO 2684
SPED 1220,TESL 3887
COAS 4041,SUTO 2279
PADM 2980,MULT 1545
IPAM 3282,BIOL 4631
ICTN 1331,ARTH 3260
SPED 3379,MKTG 2906
ANAT 4387,MRST 2972
CMED 4679,HNRS 3484
GERM 3503,HMGT 4424
PHYS 3167,ATMO 1442
NURS 2620,PADM 1192
JAPN 3720,JAPN 3786
GLST 4781,SUTO 2375
ADED 2440,FREN 3597
ASLS 2561,COAD 1643
JAPN 1287,NEUR 1674
HUMS 2216,PSYC 4780
DRED 1378,READ 2154
AERO 4331,LING 1957
EENG 3461,MKTG 2906
BIOL 1584,FACS 2466
BISC 1863,IPAM 2716
GRBK 2730,MLSC 3901
FLGC 2408,ANAT 1103
ECON 1647,ICS 2435
COHE 4574,ACCT 4121
JAPN 2238,BITE 3995
READ 4779,PTHE 2720
MKTG 2767,FREN 4202
MIS 4173,HDFS 4470
ICS 3301,GEOL 2090
ADED 3855,IDIS 1418
SUTO 2279,MIDG 1566
IPAM 1306,SOCW 1897
BUSI 4349,SECS 1857
NEUR 3191,THEA 2008
PUBH 2901,RCSC 2413
PTHE 3893,GEOG 1348
IRHE 3936,TCHR 4773
LDSP 1019,HSMA 2767
MLSC 4048,NUTR 2758
GEOL 1107,MAST 2964
SUTO 1268,SOCI 2783
MKTG 1233,HMGT 1291
ONCO 2225,ENED 3816
HIST 2578,ARTH 2698
FACS 1291,DESN 1026
IRHE 2113,MCBI 1688
PHAR 2636,DRED 1922
ISE 3904,SOCI 1337
PSYC 3045,SECS 3079
HIED 1411,PATH 3335
SOCW 1275,HPRO 4087
PHLY 2314,IDIS 2262
CHEM 1795,WOST 3574
ASLS 2172,BITE 1888
ENTR 1400,FACS 3653
IRHE 3936,HLTH 2882
PHLY 4336,MULT 1306
CSDI 1198,IDSN 2111
CMED 1306,RONC 1119
FILM 1338,ANTH 4079
BITE 1969,SOCI 2371
FINA 4862,RUSI 3121
OMGT 4517,POLS 2427
MUSC 1941,MCBI 1295
MGMT 2064,MCBI 4308
TCHR 1259,IDSN 4040
HDFS 2968,MGMT 1077
BIOS 1184,ART 1094
HMGT 4102,GERO 2328
RUSS 4283,RCSC 1395
IPAM 2185,LEED 3726
ISE 3318,OCCT 2400
SCIE 3528,NUTR 1716
ENGL 3142,IDIS 2070
FACS 1340,PHAR 1682
PATH 4223,SCIE 1682
LEED 2794,GLST 4781
IRHE 3459,ANAT 3131
NCST 1011,BIME 4767
KINE 4174,ATMO 2409
WOST 1404,INTL 4647
MATH 4493,TCHR 3259
READ 3116,ITAL 3308
ONCO 2225,PTHE 1921
LIBS 1072,ADRE 2229
UNIV 3249,BMSC 1052
IDSN 1126,IPAM 3755
ADRE 3110,TESL 3867
MPH 2499,HMGT 1189
COAS 3702,RUSI 2538
CSCI 3871,BIOS 3775
CMED 1306,HLTH 2981
SENG 3909,JAPN 3720
HMGT 3759,BIOC 4534
TCHR 1259,SCIE 4666
HLTH 3309,SPED 4852
SOCW 2222,UNIV 4459
MKTG 4766,ADRE 1429
CMGT 2787,HDFS 3339
SECS 2439,SENG 3992
HDFS 4470,MRCH 2410
LDSP 3318,SUTO 3661
HDFS 3166,MRCH 1555
CSDI 1769,ECON 3799
MULT 1370,PHAR 2210
RUSS 2469,BIME 2301
HMGT 4102,BIOC 4108
SAFT 3111,BIOC 4000
FILM 2238,BIOL 4431
GRAD 3485,BIME 2962
ICS 3707,PADM 2568
MIDG 3136,BMSC 1339
HPRO 4140,ENED 3270
PADP 2295,DASC 2422
FREN 2452,ART 3317
NURS 4133,MULT 4858
ICS 3081,ICTN 3110
SENG 2567,PADP 2408
GERM 1859,ITAL 4499
ENTR 3743,DASC 3825
RCTX 2206,MENG 2434
IENG 4867,RCSC 1856
SPAN 4225,GERM 3503
SUTO 4740,PATH 3433
HDFS 4418,CSCI 4493
FINA 4543,ACCT 4344
TESL 3050,BUSI 3178
IRHE 2118,MLSC 3988
MGMT 1858,AAAS 3722
MIDG 3185,BIOE 4322
GRAD 3171,MRST 1148
NUTR 2214,NEUR 1845
IDIS 1369,CMED 4017
COAD 4404,SECS 4884
RUSS 4792,ATMO 2684
MUSC 3370,SENG 2307
ONCO 2319,PUBH 1687
EHST 1723,DESN 4569
ENGL 1067,CSDI 1102
ECON 2136,LATN 4388
HLTH 1725,BITE 3671
HUMS 4656,IPAM 4216
TCHR 3935,BIOC 1796
CSDI 1732,GEOL 1804
ENTR 4550,FREN 3171
NCST 2000,GRAD 3130
EENG 3925,MATE 1748
ECON 2039,MKTG 1062
SOCI 2783,OMGT 3128
ISE 1099,FINA 4854
SPED 3603,ADED 3374
BIOL 4768,RONC 1119
PHAR 3109,CHIN 1857
TCHR 3333,PHAR 4214
PHAR 2210,PHAR 1682
MCBI 2682,NURS 3502
SENG 3219,RELI 1545
ENVE 2965,DASC 3383
IRHE 4492,HLTH 2981
ANTH 1535,MENG 1466
EHST 3755,MULT 4781
TCHR 3935,FINA 3071
ARTH 1517,PHIL 2869
ANAT 1079,ART 3997
ARTH 1517,NEUR 4219
ITAL 1968,SECS 2906
LDSP 1569,ITAL 4091
NUTR 4440,PUBH 1512
MCBI 3242,TESL 2374
ATEP 3268,SUTO 1304
ECON 2938,ISE 1433
GENS 1257,ITEC 4012
MATH 2091,UNIV 3435
FLGC 1443,ENGL 1305
ANAT 1917,TCHR 1184
MRCH 2378,GIFT 1952
MCBI 3006,ANTH 1535
ITAL 1992,COMM 3618
MRST 4205,ENGL 4659
ECON 3508,IDSN 1360
HNRS 3430,PUBH 1410
ARTH 4586,MKTG 2782
CMGT 1125,RUSI 3121
HIMA 2297,MLSC 1533
BIOS 3738,ART 4669
PTHE 4879,SPED 4886
LDHE 2732,MGMT 3602
MENG 1452,BIOS 4121
IDIS 1233,HIED 3868
MATE 2879,DESN 1767
GRBK 1538,BIOC 4000
ETHN 2373,BUSI 4673
OCCT 4813,NEUR 2382
SOCW 4739,ART 1440
ENTR 4000,HUMS 2646
EDUC 2695,CSDI 2234
MATE 3263,GERO 1407
CMED 3633,ICTN 3110
TESL 4326,MRCH 2410
PATH 3335,PHAR 2636
ENGR 4642,HNRS 2697
HIST 3937,ATMO 4185
ADED 3213,NCST 3030
SUTO 4732,DASC 1684
MCBI 1295,FACS 1168
RELI 2122,EHST 1201
TCHR 1323,BIOC 3751
WOST 3231,MRCH 1758
GEOL 4707,PHAR 3817
ANTH 4071,HIST 2703
OCCT 3387,CLAS 1169
ANAT 2805,OCCT 4813
ICTN 3639,LING 3588
ICS 2851,PADM 3024
FACS 4074,GEOG 3415
SOCI 2275,FINA 3824
LEED 2794,ENVE 2589
NCST 2175,POLS 2540
MENG 2988,SENG 3783
GERO 4222,NEUR 1074
SOCI 3191,IDSN 2070
COAD 4883,READ 2066
MGMT 3158,PATH 4782
SECS 4058,IPAM 4846
ATMO 2414,MUSC 1941
BMSC 3513,RUSI 3561
FACS 4074,IDSN 2374
GLST 1822,CLSC 1049
GIFT 2891,ITEC 1541
ETHN 2005,BMSC 3570
EDTC 3990,HNRS 3819
LDSP 3326,SCIE 3746
HIST 2696,ENGL 4659
BISC 1284,CSCI 1476
FREN 3199,ITAL 3247
GIFT 2520,COAS 1134
NCST 1353,CHIN 3115
MAST 1191,FILM 1873
BIOE 4322,ECON 2333
MGMT 3389,ATMO 4658
PHYS 4853,IRHE 4865
DRED 3602,BIOE 2821
ADRE 3490,EDUC 4453
GIFT 2483,CSDI 2613
NCST 4648,INTL 1716
ADED 1779,RUSI 2881
LING 2597,IENG 2278
HPRO 1117,PHIL 4551
GENS 3969,PHLY 3985
MKTG 4653,GEOL 1440
FILM 1818,ACCT 3523
SENG 4257,GLST 4156
IPAM 3948,SOCW 1646
SENG 3783,ADED 2440
IDIS 2262,ENED 3891
TCHR 2755,ONCO 1272
FREN 2041,POLS 2160
MULT 3180,ELEM 2569
FACS 1291,TCHR 3827
HLTH 1725,ENED 2929
BIOL 4051,LATN 3366
BUSI 1819,POLS 3438
ENGR 2893,ISE 2900
PSYC 4123,EDUC 2586
COAS 3599,COMM 4804
RONC 4395,ENGR 1976
ANTH 2129,PTHE 3751
DESN 4513,PTHE 4483
RCTX 4221,LDHE 3698
PHLY 2314,MLSC 1096
COMM 1643,PLAN 3576
LIBS 2140,PATH 4263
ICTN 3421,PHAR 3167
EDTC 4439,ECON 3420
LATN 3110,MCBI 1274
IENG 2059,LEED 3751
JUST 4081,MKTG 4033
MGMT 3827,ENVE 3742
IDIS 2052,AAAS 1132
RONC 1042,DASC 3386
COAD 3673,BITE 3708
GERM 2334,HIED 3797
GRK 1644,DRED 2828
NEUR 1856,KINE 2567
ADED 3574,IDSN 2329
SOCI 3963,ICS 3301
MAST 2689,KINE 3925
HDFS 3339,HUMS 1543
IRHE 2998,NUTR 1377
RELI 2672,ITEC 4599
MENG 2434,PLAN 4136
ACCT 3597,THEA 2008
PATH 3116,ARTH 2505
ENED 2389,CLSC 4077
ENGR 2094,HDFS 3339
KINE 2672,UNIV 3650
FREN 3311,IENG 4195
TCHR 1454,OCCT 2400
ELEM 1193,LATN 3366
FINA 2701,PSYC 4123
RCTX 4107,RONC 2465
FLGC 4281,SECS 3369
ATMO 4151,ACCT 4114
AAAS 4064,ICS 2210
AERO 2516,PHLY 3985
ASLS 2172,FILM 4160
PADM 3487,EDTC 2197
IRHE 3837,PHLY 3404
COAD 4883,PADP 1017
TCHR 1470,ICS 3301
SPED 2354,TCHR 1817
TCHR 1778,ENTR 1771
TESL 1109,BIOL 2447
MIDG 2844,SUTO 2298
SUTO 1603,PHAR 2983
MGMT 4503,PADP 3216
HIST 2500,LIBS 3145
ANAT 2290,AAAS 2476
ASLS 4041,DNCE 2594
ITEC 1211,LDSP 4426
DNCE 4063,FACS 1168
LATN 1413,ENED 2436
ETHN 3008,COMM 2540
GIFT 3395,LDSP 1323
THEA 4571,MLSC 4567
MRST 2782,ENVE 2204
MCBI 1295,BIOL 4388
EHST 3122,CMED 3002
BMSC 3205,SAFT 2536
OCCT 2132,SENG 2249
HPRO 2946,HLTH 4062
EDUC 4873,TESL 2890
ENED 1493,ELEM 2278
NUTR 3469,RELI 1585
MAST 3293,SPAN 1117
RELI 1442,MATH 2091
ACCT 3319,BISC 2045
MLSC 4567,MRCH 2032
ONCO 1668,ARTH 2148
GRBK 1389,PATH 2353
IENG 3778,DESN 2681
FINA 4844,JUST 4081
MLSC 4048,HLTH 1941
EDUC 2742,ENVE 1864
ONCO 4008,RUSS 4792
EHST 4148,PHLY 3985
ART 2828,GERO 1407
LIBS 4542,RUSS 2887
PSYC 4295,AAAS 4826
OMGT 3057,NUTR 1443
HPRO 3529,ICTN 4634
RCSC 3199,SECS 3446
SCIE 4174,SECS 2675
HIED 1908,ICS 3052
BIOL 4274,ENED 4451
PLAN 3215,IPAM 2115
ASLS 4041,IPAM 1748
HLTH 1941,FINA 1608
HNRS 3142,CLSC 3935
BIOS 1302,SCIE 4526
SPAN 3575,BIME 1650
KINE 3759,MGMT 1174
ADRE 4667,OCCT 3555
BIOC 4534,BIME 2565
IDSN 4775,DNCE 2031
ENED 4370,RELI 3599
IDSN 1632,MLSC 4498
ATEP 4413,WOST 2738
HNRS 2037,GEOG 3119
ENVE 3312,MAST 1977
DRED 3789,ANTH 2234
NCST 4461,ITEC 3331
ASLS 2922,ETHN 2557
ENED 2929,SECS 4412
GRK 1905,COHE 2633
FILM 2085,ITEC 1541
LIBS 3886,NURS 4499
SPAN 2136,ARTH 2958
ASIA 4557,FLGC 4281
EDTC 1383,BISC 4841
PLAN 3599,AAAS 3603
MULT 4858,PTHE 2854
OCCT 2620,ENVE 1864
LIBS 4785,GIFT 3707
GRBK 4503,EDTC 2197
MRST 2782,FORL 1055
GEOL 3706,ICTN 1877
NCST 2424,GEOL 3421
FILM 3341,THEA 3177
COHE 1303,PUBH 3700
BIOC 4108,GRK 1644
COHE 1094,EENG 4013
LATN 3595,ITEC 2566
MRCH 2032,ITAL 1904
INTL 2402,ETHN 1720
MRCH 4060,PHLY 2610
RONC 2742,COAS 4505
BIOL 2390,HSMA 1442
MULT 1348,THEA 2008
RUSS 1475,TESL 1798
RCSC 1680,FLGC 1286
AAAS 1254,WOST 3099
SPAN 2499,SUTO 1974
DNCE 2031,TCHR 3424
ETHN 4013,READ 3124
JUST 3626,ENGR 2893
PHIL 3706,LEED 1081
GEOL 2014,RCSC 4328
RONC 4211,RCTX 1524
HMGT 1147,ARTH 2519
ANAT 2679,RONC 4822
MIS 3321,MLSC 4167
LDSP 4426,ANTH 4252
PHAR 2983,MRST 3559
PLAN 2514,HIED 2301
IRHE 2519,MCBI 4351
CLAS 2014,MATH 2091
HIMA 4017,GRK 4617
WOST 3745,BIOL 3813
SPAN 3076,RUSS 1030
HLTH 4062,BISC 4699
ARTH 4609,FILM 2946
HMGT 1395,RUSS 2715
CLAS 1129,ENED 3741
ASLS 4254,ASLS 1882
MGMT 3827,EHST 1673
EDTC 1738,HDFS 2564
DNCE 3532,IENG 2059
MRCH 2587,PHYS 4493
BISC 2045,MENG 3746
ACCT 4706,CSDI 3138
GRAD 2060,PATH 1946
FLGC 1872,PADM 3485
ONCO 2225,TCHR 2866
HIMA 4439,SOCW 2843
MKTG 1233,HSMA 4661
ICS 3047,PADP 1842
RCTX 3156,GERM 1324
SUTO 3720,PUBH 1061
ADED 4474,UNIV 2639
EENG 4551,DNCE 2759
TCHR 4198,RONC 2448
ETHN 2373,SENG 4257
SENG 2307,MUSC 2470
LDSP 2269,DRED 2899
ADRE 1432,NURS 2671
PHIL 2823,HPRO 2041
PLAN 2623,MIDG 4073
CMED 4539,BIOC 1438
FACS 4698,RCSC 3199
MUSC 2650,PADM 4756
ECON 4845,RCSC 2251
ENVE 3151,OCCT 4634
PHYS 4165,MGMT 1847
IDIS 1247,SPAN 3090
PTHE 3311,LDSP 4900
GENS 4211,CSCI 3477
RCTX 3294,MRST 3394
SOCI 3397,HIED 3105
ECON 1292,GLST 1881
ECON 2790,NEUR 1845
HSMA 2579,ICTN 3305
ASIA 3809,THEA 3531
MRCH 2690,GENS 2511
DASC 4469,FACS 2555
ONCO 2574,HLTH 4329
GERM 1573,IDSN 4775
CLAS 4239,PHIL 3693
NCST 2000,READ 1501
ENTR 4317,MATH 2520
BIOL 2904,MIDG 3678
PHIL 4595,MLSC 4331
IRHE 3406,EDTC 2197
CLSC 4433,RCSC 2509
SUTO 2375,HLTH 1941
BMSC 3513,WOST 3060
ITAL 4362,LEED 3986
ONCO 1272,IDSN 3917
GENS 2317,GENS 1738
MPH 2948,MKTG 4160
ELEM 3939,IDSN 3917
PHYS 4165,SECS 1306
JUST 4434,FACS 4493
HIMA 4292,PADM 3286
MATE 1565,SOCW 4728
HIED 3740,LDSP 1301
POLS 1008,IRHE 2418
MGMT 1858,MIDG 3975
DESN 2681,ONCO 4103
CSDI 1474,CSDI 2613
FACS 2466,HSMA 4661
MIDG 1566,PUBH 2901
OMGT 3923,GEOL 4119
PLAN 2259,GENS 1248
ENTR 3220,LDHE 2640
ELEM 2674,ICS 4728
OMGT 3857,MLSC 3901
FREN 1532,HIST 3999
MENG 1306,MAST 2896
READ 4286,RUSS 1030
CMED 2507,SPED 3276
ICTN 3491,KINE 3648
MIS 3079,GENS 3487
IPAM 1927,ANAT 1585
ACCT 3294,COHE 1303
NCST 3030,NCST 3468
BIOL 2796,FACS 1168
ANAT 3931,ADED 4029
LING 1624,HIED 1730
EHST 1045,COHE 1380
MULT 3471,COAS 2884
DESN 2574,COAD 4890
AERO 3504,HIED 4571
HIED 4301,IRHE 2954
MUSC 4601,CMGT 3298
HUMS 4618,PHYS 4300
CSDI 1888,UNIV 2985
AAAS 2269,LIBS 1287
DRED 3006,ADED 3855
NURS 3929,IDSN 2327
POLS 3885,MKTG 3055
DRED 4067,ATMO 4441
IDIS 3683,SPED 2342
MATH 3266,THEA 1808
DNCE 1742,MENG 1322
SUTO 1603,LIBS 3596
KINE 2825,DESN 2408
HPRO 3083,BIOL 3902
ENTR 4441,MIDG 3143
MAST 4065,ART 4411
JUST 3523,ADED 1054
HIST 4129,BIOL 1363
IDSN 1829,LATN 2451
SOCW 2222,GLST 1881
ART 2828,HDFS 2939
SECS 3930,HPRO 3575
BIOL 1584,PHLY 3404
INTL 4647,RCTX 3691
MULT 1348,RCSC 1018
MLSC 4052,ITAL 3764
DNCE 2492,BIOL 3425
DNCE 2684,MPH 1663
HDFS 2968,MIS 3059
COMM 4203,HUMS 3763
ARTH 2148,ELEM 1636
ENED 3912,MATH 2237
ISE 1946,CSCI 1165
ONCO 2448,RUSI 2408
HIED 1908,PATH 1381
HIST 2135,UNIV 2103
ELEM 3254,HIST 1308
MATE 4772,MIDG 3132
LDHE 1873,HLTH 2479
PHAR 1925,DNCE 4305
IRHE 2556,LDHE 1762
ADED 4101,MRCH 1555
ITAL 2543,CLSC 3465
HUMS 2548,HIST 3550
GERM 3278,FREN 4694
ITEC 4150,SUTO 3720
HLTH 2842,ITAL 2851
COAS 4593,MGMT 3158
MGMT 4026,GRK 4135
DRED 1922,MPH 3843
HSMA 4661,READ 2112
SECS 2439,HPRO 1152
JUST 2206,IPAM 3755
GIFT 2253,MENG 2697
ICS 3707,EDTC 1472
LDSP 4289,CSDI 2447
HIST 3064,NCST 3458
DNCE 1739,PHYS 4365
FORL 4341,TESL 3337
OCCT 3089,IRHE 2556
SPAN 1085,NUTR 3469
GIFT 3707,BIOS 1586
NURS 3655,ELEM 3254
ANTH 1741,COAS 2008
COAD 1960,LEED 3572
NUTR 2404,MGMT 3129
GRK 4868,LDSP 1421
ARTH 2159,ADRE 3163
ELEM 1973,SUTO 2298
NEUR 4537,GLST 4297
SOCW 3768,GERO 3221
MAST 4065,HDFS 4177
ANTH 3182,GEOG 4001
LEED 1421,HDFS 3416
PLAN 1798,OMGT 3347
GEOG 3751,CHIN 3631
FILM 4596,LING 1645
RUSI 4218,RCSC 3564
HIST 2578,PHAR 4208
SOCW 4220,ISE 2585
GRBK 1047,RUSS 3183
FINA 3643,LDHE 3919
CSCI 4493,PUBH 3920
SECS 4518,CHIN 1539
BIOC 3461,FREN 3499
PLAN 4008,CLSC 3465
ICS 3050,PATH 4546
PHYS 4482,NCST 3458
RONC 2953,FINA 3817
EDUC 3771,ITAL 4591
INTL 4319,ANTH 4071
NURS 4439,PSYC 2972
BMSC 3429,ANTH 1096
MATH 2359,ENGR 3370
MIDG 3499,BMSC 2728
BMSC 1219,FACS 4493
IENG 3190,RELI 3221
SENG 2072,GRK 2355
ACCT 2115,BIOC 1796
CSCI 2693,ISE 1946
SECS 2162,NEUR 4081
KINE 2825,CMED 1102
CSCI 1476,IDIS 4729
GENS 3487,GEOG 3975
MIS 1589,INTL 4647
IRHE 4679,ETHN 2366
ECON 2938,IENG 2654
GRBK 3491,ETHN 2557
FACS 2555,IDIS 2009
ITAL 1992,HIST 4780
BITE 3995,FACS 4255
GERO 1929,NEUR 3544
RUSI 2538,ASLS 2416
RUSS 4774,EHST 1223
ISE 2069,AAAS 3722
ATMO 3277,GRBK 3049
ANAT 2660,CSDI 3726
BIME 4473,BIOS 1870
HIED 2968,GLST 1659
OMGT 1368,THEA 3099
ANTH 1910,ATMO 4441
LATN 1478,MIS 1060
PATH 4256,ICS 1071
BMSC 3384,NURS 2261
GRAD 4112,ITAL 1492
ENGR 3120,RUSS 4283
KINE 1626,PUBH 4028
FILM 1309,AAAS 4865
PHLY 2219,MKTG 1233
NCST 2232,PUBH 1957
OMGT 4717,PTHE 1759
UNIV 4831,DRED 2899
ETHN 2005,NEUR 3351
LATN 4716,SAFT 3467
PSYC 4410,MCBI 1985
PATH 3433,SOCI 2374
GEOG 4857,SOCI 1360
ASIA 4578,BIOL 3311
PHAR 3120,ACCT 2115
ART 4460,JUST 3203
HIED 1036,ADED 2756
GEOL 1104,AERO 2351
HSMA 3503,CSDI 2221
MULT 4858,MENG 1437
FACS 3944,HNRS 4753
JAPN 2085,AERO 2351
LDHE 4184,COHE 2613
BIOC 3737,ASIA 4532
HNRS 4753,LATN 2426
BITE 3440,ANAT 1917
JUST 1900,GRK 4393
SPED 3379,JAPN 3440
FINA 4231,MLSC 4283
DNCE 2031,PADP 3216
SPED 3884,BIOS 1599
OMGT 4023,BISC 1415
IDSN 1780,COAS 4752
PTHE 1725,CMGT 1429
RUSS 3699,MRCH 3307
ENGR 2094,BISC 1415
HIST 2170,FREN 3199
PHYS 4853,ANTH 4534
ATMO 1796,WOST 3557
LING 2597,HIED 3751
CSCI 3203,HMGT 1555
PUBH 3388,PHYS 4853
HSMA 1930,HIST 2162
PADM 3286,HDFS 3047
PHLY 3472,ECON 2790
WOST 2985,RUSS 2715
ANAT 1645,MUSC 2006
DRED 2660,JUST 4558
ASLS 1453,HDFS 4790
OCCT 1804,PLAN 4440
GEOL 3421,TESL 1798
DNCE 3056,RUSS 2683
AERO 4208,IPAM 4846
LIBS 3650,PHIL 3706
BIME 4367,NEUR 4081
MIS 2628,ISE 3489
PTHE 1315,COHE 1873
SAFT 1357,ICTN 3444
GEOG 3975,COMM 4558
MUSC 1312,SENG 1774
IDSN 2740,RUSI 4659
ATEP 2704,LATN 2385
IPAM 2185,ADRE 4765
RUSS 2923,SOCW 2847
CMED 3633,GRAD 1813
RCSC 1556,NURS 2387
JUST 3138,ITEC 4540
ARTH 2505,DRED 4067
MPH 3682,MCBI 1825
INTL 4248,RUSI 4833
BUSI 3321,RUSI 4412
SECS 1168,SUTO 4497
RONC 2465,MUSC 3370
SUTO 3023,ICS 2080
ENED 2062,RCTX 3248
BIME 2208,PHYS 4118
POLS 3750,RONC 2331
FACS 2871,OCCT 2658
BUSI 4481,CMGT 1653
MRCH 4680,MLSC 1842
ETHN 1712,SOCI 1803
EDTC 3338,GEOG 1054
AAAS 1254,ACCT 4121
COAS 2177,AERO 2351
HLTH 1270,PTHE 2289
FREN 1191,EDTC 1383
RUSS 2224,HLTH 4329
DASC 4109,READ 3905
JUST 1577,COAD 4404
EHST 2749,GERM 2383
UNIV 4199,IDIS 2688
PADP 3462,LING 2164
NEUR 2549,PLAN 1798
GERM 1962,ATEP 3321
CLSC 1027,RUSS 4637
TCHR 1817,AERO 2763
WOST 3099,NCST 1484
AERO 4186,IENG 4068
DESN 3337,BIOC 1438
PHAR 2270,ITAL 4091
IRHE 1243,ITEC 1541
MGMT 4524,ASLS 3021
AERO 4026,MULT 3770
PTHE 1087,GENS 3820
THEA 3016,PHAR 3949
EHST 3126,AAAS 4337
RUSS 1024,NUTR 2692
MLSC 1760,LDHE 3996
PUBH 4637,BISC 1549
GIFT 2520,COAS 4584
OCCT 1689,MGMT 2847
SECS 3458,ECON 3126
SENG 3783,ADRE 1429
SOCI 1833,SECS 2439
ELEM 4035,ENTR 1027
DASC 4425,MENG 4319
MUSC 2470,SOCI 3948
PHYS 4365,GRK 2657
MUSC 1112,MENG 3289
MPH 2259,ADED 1086
AERO 3174,ENGL 2085
MUSC 2470,CSDI 1270
LDHE 1939,RUSI 1873
ANAT 1621,LING 4328
PATH 1774,MATE 1071
PLAN 1886,HSMA 2820
HDFS 3722,HUMS 4028
MIDG 3136,MATH 3615
HIST 2703,PHAR 1279
HUMS 2901,MIS 2628
PADP 2295,CSCI 4712
MRST 1343,ITEC 3284
ATMO 2414,HUMS 4247
BIOE 1647,OMGT 4263
SECS 3845,MAST 2443
ANTH 1091,DESN 3614
RELI 3401,ADRE 3110
DNCE 3532,MIDG 2844
SENG 2736,DRED 3136
IDIS 1166,ITEC 3040
ARTH 2763,DESN 2870
AAAS 2934,ENVE 3742
RUSI 4165,OCCT 1469
HIED 1825,JAPN 3353
IPAM 2115,BIME 3943
MRCH 1173,TESL 1811
MAST 2514,DRED 2899
CHIN 2113,AAAS 4893
RUSS 4283,LING 2707
PADM 1530,MATE 1938
EENG 4899,GIFT 1204
HLTH 3777,BIOL 4631
ENGR 2893,COAD 3584
SAFT 4343,FREN 4202
ISE 4194,FACS 1243
LDHE 2732,GRAD 1448
BIOL 4388,CMGT 4328
CLSC 1157,PTHE 4658
RELI 3875,LATN 2730
SPAN 1769,GRK 3338
MCBI 4539,HNRS 3995
MATE 3107,ASLS 3346
ONCO 1553,NCST 4461
ATEP 3868,COAD 2900
DASC 4109,SUTO 2298
GENS 1473,POLS 4380
AERO 2351,MIS 4694
GENS 3160,IRHE 3406
ONCO 2128,CSDI 4325
NEUR 4888,GEOL 4104
GRBK 2474,OCCT 1897
LDSP 1671,FLGC 4281
DRED 2414,MRCH 2410
COMM 4558,ICTN 1877
COMM 4359,ECON 1328
MAST 1144,KINE 3925
GEOL 2014,ICTN 1499
ONCO 1419,MLSC 1065
PSYC 3792,ACCT 2515
ACCT 2115,CSCI 3203
ICTN 4369,GRBK 4018
FACS 1243,ENGL 3894
HPRO 4087,MIDG 3143
MATH 2717,SPAN 1000
ASLS 2091,RUSI 4218
GERO 3221,EHST 1673
RUSS 2231,OMGT 2726
INTL 1847,PHYS 4291
HIST 4129,CHIN 1539
ITEC 1539,MPH 3212
NURS 3484,PADP 4247
SAFT 3467,ISE 4194
ASIA 4263,BIOS 4151
EDUC 2205,NUTR 4440
ADED 3354,ITEC 3331
PTHE 3771,CMED 4496
LEED 1759,SPAN 2437
CLAS 1169,COAS 2356
JAPN 2327,FLGC 2951
NUTR 2828,GENS 3705
SENG 3003,MATH 1927
ANTH 1941,SPED 2342
MRCH 1249,GEOG 2323
ADED 4186,RUSS 2835
ITAL 4234,HUMS 3763
BIOS 1599,THEA 3099
LIBS 2652,COHE 4771
HIST 4597,POLS 2427
RCSC 4536,ANAT 1701
TCHR 2101,ITEC 4444
HLTH 1608,SENG 2736
ANTH 4062,CMGT 1412
ASLS 2176,PUBH 3756
RELI 3599,PHIL 2869
MATH 2717,ANAT 4732
SAFT 2083,CSDI 1832
ITEC 1301,MATH 3725
JUST 4286,IENG 1091
GIFT 3350,EHST 4253
HMGT 1395,TCHR 1454
RUSI 4412,LATN 2730
COHE 1412,FREN 4340
PUBH 2117,KINE 4020
RONC 4172,HDFS 1111
ART 3530,ENGR 2393
BIOS 2107,ANTH 3570
HNRS 3971,CSDI 1173
AAAS 3296,IENG 4195
AERO 2982,RELI 1554
FILM 2762,BIOE 3360
GRBK 3257,IDSN 1199
COAS 4060,MPH 1355
HIED 1658,LEED 1088
MIS 3036,GEOG 2936
AERO 4331,ART 1581
PHIL 1671,HNRS 2928
GEOG 2936,READ 1867
ETHN 1238,WOST 1201
GERM 1346,HDFS 1675
FINA 2093,HMGT 1555
HMGT 2961,AAAS 4429
GRBK 3257,READ 3303
BIME 1158,AERO 4026
PHAR 1682,NUTR 3469
FINA 3829,ATEP 3703
AAAS 3109,HNRS 4114
BISC 3814,FORL 1240
HIED 1025,PADM 4158
RUSI 2538,DESN 2494
BIOL 4631,MLSC 1065
POLS 2248,LEED 3674
PHYS 1020,TESL 1971
RCTX 2206,ADRE 2229
EENG 4899,GRAD 4293
LDHE 1939,IDIS 1233
ADRE 3643,FACS 3944
HIST 2703,PUBH 2901
ACCT 4114,ACCT 3094
CSDI 1769,RONC 2465
PLAN 1886,ITEC 3616
ATMO 2712,DNCE 3005
POLS 2427,BIME 3793
GERO 2404,ONCO 4491
GENS 1385,ATMO 3421
HMGT 1570,SOCI 1632
LDSP 2754,LDHE 2870
LATN 4359,ICTN 2950
SPED 1220,MRCH 2378
FREN 2299,OCCT 1689
ASIA 1835,HUMS 3996
MIS 3234,MATE 1565
FACS 4698,SAFT 3159
DNCE 3532,READ 4625
HLTH 4220,OMGT 2819
TCHR 1817,MUSC 1309
PADP 2580,MUSC 1309
MAST 2896,PSYC 3528
HNRS 3126,MATE 1325
SENG 2567,FINA 4543
CSDI 1441,IPAM 1468
GRAD 1898,MGMT 4359
IDIS 2070,GEOG 1054
ARTH 1686,FORL 2049
SPAN 1343,ENTR 1730
IPAM 3948,SOCW 3164
MIS 1528,ANAT 2660
GRBK 1794,SENG 2072
OMGT 3128,NURS 2748
EDUC 2205,SENG 2736
ETHN 2083,WOST 3231
LEED 1088,HUMS 1497
IRHE 3459,RCTX 3156
MGMT 1847,HIED 3168
MENG 3746,COMM 3331
MRCH 2158,AERO 2763
RONC 3099,COAS 1162
PHIL 1671,SPAN 3378
BMSC 2558,GIFT 1136
ART 2828,SECS 1602
CHEM 2399,MKTG 2923
BIME 1115,BUSI 3503
HUMS 2646,BIOE 2245
SENG 1016,ICS 3516
EHST 4638,IDIS 2688
FREN 1033,CHEM 1277
HNRS 3303,FACS 2343
PUBH 4028,AERO 1438
ASLS 1691,IENG 2145
HDFS 4418,ENVE 2309
ICS 3047,ITEC 2751
PADM 1034,GERO 2967
AAAS 3340,GERM 4399
ENGR 2526,CHEM 1195
IENG 4496,SECS 3369
ATEP 4510,IDIS 2457
MULT 4858,RELI 3599
THEA 1371,NCST 3424
UNIV 3852,CHIN 4409
ITEC 1539,DASC 3386
ADED 4420,FREN 1021
FREN 1297,HPRO 4140
GERO 2046,NCST 2877
FREN 4898,CLAS 3299
HLTH 2322,ECON 1328
CLSC 2551,MULT 1779
PATH 3052,FACS 2732
EDUC 2695,BITE 2327
COHE 4822,ANAT 4296
COAS 4223,NUTR 4440
MULT 3131,HIED 3771
CSCI 4772,TESL 3887
MULT 1370,PSYC 2972
SPED 3884,ENTR 4017
AERO 4072,ITEC 1211
GLST 2368,BIOE 2604
ART 1440,PUBH 1061
EDUC 3491,OCCT 3555
HLTH 2454,HSMA 1480
GENS 1471,GENS 1248
RUSI 3437,BIOC 2262
LATN 3292,ANAT 4240
AAAS 3340,RCTX 2395
CSCI 1165,ICS 4711
HSMA 1480,READ 3239
AERO 4072,SPAN 3569
BIOS 1870,FACS 4664
MAST 1977,GENS 1473
CMGT 4328,INTL 3474
PLAN 2259,LATN 2434
LATN 4716,HDFS 3166
SOCW 1438,DESN 2870
JAPN 2247,COMM 3108
MCBI 4309,CMGT 1653
ITAL 4283,ENTR 1429
ICS 3050,DESN 4255
UNIV 3650,GLST 1881
PHYS 4165,MUSC 1913
SOCI 1360,OCCT 2506
WOST 3655,DESN 3014
CLAS 4750,JUST 3523
HDFS 2171,PADM 2980
ITAL 4362,ANTH 1656
PSYC 4410,HIMA 2340
ENTR 1200,ANAT 3131
MUSC 1112,TCHR 3333
RUSS 2224,ADED 3220
SECS 3930,BISC 2835
JUST 4081,CHIN 3374
MRCH 1477,RUSS 1679
OMGT 4023,PLAN 3811
ADED 3374,SECS 1248
GEOG 2589,ISE 3231
GERM 3065,FORL 2695
EENG 2421,ELEM 1193
GEOL 3421,HLTH 4476
MGMT 3303,AERO 1889
HSMA 1442,OMGT 2249
ATEP 4527,FACS 4719
AAAS 3296,FREN 3171
HIST 4279,HNRS 3303
HIED 1013,ANAT 1948
MIDG 3499,LING 4442
CSCI 3510,HLTH 1245
GERM 1151,HLTH 1710
ICS 4711,ICTN 3639
ICTN 1690,ENGL 3142
RONC 4006,COAD 2458
PHLY 2219,RUSI 4659
ETHN 1898,WOST 3782
LATN 3292,SENG 4897
NCST 1658,TESL 2165
IRHE 1666,DASC 4109
ELEM 1855,SENG 1045
OCCT 2620,PHAR 3109
ENGL 2435,GIFT 1403
ISE 1946,PADM 3915
DASC 3818,FACS 1291
ANTH 1835,MPH 1663
IRHE 2113,HIED 3008
EENG 1836,NEUR 2949
TCHR 3935,ART 1440
SAFT 3287,LEED 3109
PTHE 1759,TCHR 3424
TCHR 4070,SOCW 2461
PHAR 4606,HIMA 2683
ICS 1071,ICTN 3957
DESN 3614,SENG 1208
IDIS 1551,WOST 2375
ATEP 4890,FINA 4165
BUSI 1362,MPH 1827
RELI 2035,MULT 1779
MPH 3801,IDIS 1369
OCCT 2750,PHIL 3930
ENED 4370,ITEC 2707
MRST 2000,HUMS 2244
MLSC 1367,SOCI 2211
SPED 2492,HIMA 2372
LING 3408,PUBH 2531
GEOL 4144,ATMO 3932
MPH 2509,HDFS 1242
MENG 3746,LIBS 2000
PSYC 3122,JUST 4081
HPRO 4691,PADP 1926
RONC 3193,BMSC 4132
PSYC 1958,FREN 4132
MENG 3746,MLSC 2994
ATEP 2079,RCTX 3958
ASLS 4528,RONC 4215
MAST 3032,FILM 3958
SCIE 4892,SECS 2033
HIED 2968,RCSC 4328
ICTN 1877,MATE 4664
CMED 3815,EENG 4335
ITAL 3922,LEED 3129
BIME 2809,SPAN 4225
RUSS 3380,HIMA 4214
HIST 4780,LATN 4388
PSYC 3998,MPH 4631
NEUR 4149,CLSC 1235
ENED 4221,ASIA 3177
IRHE 4492,HSMA 2260
ETHN 4577,RELI 4454
FILM 3341,MAST 3032
GEOL 1619,ADRE 3363
HPRO 1317,PSYC 3792
EDTC 2533,FINA 3643
PTHE 1875,FREN 2133
ENGR 2278,EDTC 1850
EDTC 3990,POLS 4380
WOST 2985,AAAS 4442
FORL 4341,HLTH 4137
PHAR 4606,IDIS 2052
MENG 2697,ENTR 2031
FORL 4682,POLS 1258
MIS 3234,MCBI 1637
EDUC 4453,HIST 1440
OCCT 2400,MIDG 3751
ENED 1493,KINE 3609
ELEM 3487,PTHE 2123
JAPN 2136,GRBK 2243
GERM 1586,CHEM 3815
UNIV 2985,THEA 1808
MATH 3821,RUSS 3739
JAPN 2136,MATE 3303
COHE 1875,READ 3905
LATN 3595,THEA 3177
ETHN 4683,LIBS 3867
GRK 2657,DASC 4469
CMED 1102,COAS 2962
MUSC 1842,SPED 3279
ART 1094,ASIA 1346
ETHN 1238,DNCE 1739
COMM 3618,SECS 2906
ATEP 4527,ENVE 3661
MUSC 2650,MIS 1528
BIOE 4322,LING 2646
NURS 3502,MENG 2911
READ 1801,LDHE 3593
ADED 2541,ENTR 1617
POLS 2160,IDIS 4300
LDHE 1604,ADED 3922
ENED 3817,CLSC 4433
MIS 1060,SCIE 1415
ECON 1600,SECS 4089
MCBI 1334,AERO 1889
ETHN 2557,BITE 1964
IDSN 1634,EDTC 2587
MCBI 1376,GERO 4067
SAFT 1880,FACS 4074
LEED 3751,FACS 2959
MENG 2434,ENGR 3341
SUTO 4770,GRK 2601
AAAS 3326,HIMA 4504
THEA 3016,MIDG 1852
HLTH 2850,SPED 4888
HIST 2170,COHE 2919
MENG 3940,GLST 2368
SOCW 2461,ARTH 1480
CMED 1804,CMED 4087
PADP 4100,SOCW 2847
HDFS 1242,RELI 2122
MCBI 4308,GRBK 3856
HIED 3510,ENTR 3409
MCBI 1825,DNCE 2920
SPAN 2127,FORL 2095
PHAR 4606,LIBS 3051
ADED 4101,ADED 1779
NURS 4133,MENG 1061
ITEC 4012,AAAS 3340
ENGR 4034,DASC 4469
PHLY 2314,GEOG 1051
SCIE 1302,MKTG 4010
HSMA 2260,DNCE 4150
RUSS 4792,LEED 4413
MATH 4497,MGMT 2036
MIDG 3185,SOCW 3982
PHAR 2672,ATEP 3229
COHE 1875,HIED 2968
MENG 2988,CMGT 1076
HIST 4780,MENG 4319
SOCW 1704,MCBI 3242
FREN 2420,HIMA 1784
FREN 4459,OMGT 4263
PTHE 2289,MULT 2705
NCST 4378,HLTH 1245
ELEM 3487,COHE 3610
NEUR 4149,AERO 3174
ART 1213,CHEM 4047
BITE 3671,ASIA 4054
EDTC 2533,BIOS 4042
GERO 4636,TCHR 3254
SOCI 3059,MKTG 2767
INTL 2530,POLS 3569
ENED 4370,ETHN 2235
ADED 4612,LDHE 1854
ETHN 1496,EDTC 1383
HMGT 2807,CSDI 1404
TCHR 2755,HLTH 4388
LDHE 2870,NCST 2877
ASLS 2453,ADED 3922
EHST 1083,OMGT 3938
FREN 3499,FACS 4664
PHIL 3306,GLST 4445
RONC 2106,GEOG 1249
PUBH 3920,NCST 3030
MLSC 3296,NUTR 2692
IDSN 2111,RUSS 4283
COHE 1303,RONC 4450
HNRS 1058,MIDG 3143
ARTH 1480,IENG 2224
NUTR 2547,PHIL 2823
HLTH 2842,ANAT 2660
ANTH 1208,DASC 2215
MCBI 1985,ENED 3347
HLTH 4193,MUSC 1309
SOCI 3986,SPAN 2650
RONC 2653,WOST 3231
HSMA 1776,ENGL 3894
GENS 3987,ANTH 3912
PHIL 4595,PTHE 1591
RCSC 2530,MLSC 1842
COHE 3922,GIFT 2253
BIOE 3016,ENGR 2094
KINE 2437,ELEM 4721
READ 4625,HMGT 4351
THEA 3638,COAS 1162
GEOG 3084,GERO 3788
DESN 4673,GRK 4135
ENTR 3780,CMGT 2731
BIOE 4595,AERO 4545
ETHN 3008,READ 3905
BMSC 3426,HLTH 2511
ENED 3816,PADP 2003
ECON 2039,DNCE 4238
AERO 3054,OMGT 4801
INTL 3892,CMGT 1010
DRED 3145,EDUC 2695
MKTG 3607,LING 2597
SOCW 2222,ART 1581
ASLS 2561,BIOC 4000
HIST 2091,MKTG 2359
RELI 1378,HIST 2101
ECON 3599,ETHN 3061
CLAS 4858,PTHE 4483
EDUC 2092,HMGT 1395
ART 4680,EDTC 3042
LEED 3346,FACS 1168
ETHN 3545,LING 3266
FINA 2362,BMSC 3384
MKTG 1616,SCIE 1659
CHIN 3374,MLSC 4874
BMSC 2558,COAS 1084
HLTH 4137,MRCH 2032
JUST 2589,MENG 1437
ITEC 2751,FILM 2238
IDIS 2009,SOCW 3807
ASLS 1882,ETHN 3061
MATE 1071,CSDI 2221
SPED 3884,ELEM 1782
PADM 2129,RCSC 1421
ENED 3891,SENG 2249
MULT 3235,MATE 2712
MCBI 3242,EDTC 1561
ENTR 1558,COHE 1057
NCST 1810,TESL 2235
MLSC 3289,GENS 3303
ITEC 2566,MRST 2000
GENS 2317,COAD 4610
ADRE 3163,IDSN 1634
MIDG 4829,LDSP 4196
RONC 4811,ENTR 1115
MCBI 1985,IDSN 4040
DNCE 2538,BIOS 4069
TESL 3887,RONC 2250
BUSI 3354,LING 3266
MLSC 2376,FILM 2762
AAAS 4398,LIBS 3426
MULT 1545,SCIE 1302
GEOG 4142,PUBH 3659
ADED 3644,TCHR 4198
PADM 4878,MLSC 3063
HMGT 2066,ONCO 2080
MIS 1185,ONCO 2906
HDFS 2237,BIOL 1109
BISC 4138,MATH 2520
ENGL 3282,MLSC 1760
ATEP 4890,MUSC 3370
FACS 3435,PHLY 4667
CMGT 1653,ITEC 4540
MLSC 4230,SCIE 2530
SENG 1853,MLSC 3293
SOCI 1632,PADP 2580
BITE 1969,OMGT 1379
ANTH 4062,ENTR 3039
OMGT 3189,HIED 3308
FACS 4074,ELEM 3756
NUTR 4025,MRCH 1642
MCBI 1295,MIDG 3678
FREN 1434,COAD 4498
ISE 2741,CHEM 4124
PADP 4030,BIOE 3016
CLAS 1727,KINE 2437
ITAL 4368,IPAM 3243
ATMO 4658,NURS 4133
ITAL 4091,IPAM 2179
CMGT 3665,COMM 4489
ELEM 2569,BIOS 4151
HMGT 1147,BISC 1415
UNIV 4113,WOST 1573
ITAL 3999,DASC 2215
HNRS 2953,RUSS 4813
MKTG 4033,RCSC 4795
HDFS 1111,TCHR 2361
INTL 4248,DASC 3386
ATMO 4395,COMM 4489
READ 1867,CLAS 2715
GRBK 3856,MIDG 2727
BIOC 3507,IPAM 2716
HNRS 1243,MCBI 3101
KINE 2567,NUTR 4128
LIBS 1868,ECON 2938
TCHR 2866,INTL 4637
ATMO 3400,FORL 2095
SUTO 2375,SPED 3276
SUTO 3661,EDUC 4873
LDSP 1892,PHIL 2913
DESN 1518,FACS 1340
COHE 2233,FACS 2616
MLSC 4282,TESL 3173
EDTC 3880,SENG 3354
ASIA 3137,FREN 2133
ENED 4314,DRED 2660
RUSI 1873,MLSC 2020
PTHE 4879,TCHR 4426
PSYC 1112,ISE 2585
MPH 4553,CMGT 1378
COAD 4498,ETHN 4683
OCCT 3096,SCIE 4337
CMED 3475,SAFT 1136
FINA 4543,TCHR 2361
INTL 3610,CHEM 1277
PLAN 1798,RELI 2431
SENG 2736,ARTH 2143
PHIL 4595,HUMS 4618
MCBI 1825,NUTR 2366
TCHR 2470,ONCO 1265
GERO 3788,FACS 1340
ADED 2541,ANTH 1835
CHEM 3438,PHIL 3380
COHE 1057,BISC 1196
PTHE 1591,ECON 1950
COAS 3262,BMSC 1219
RONC 2653,NEUR 2599
MPH 2548,BIME 3531
MENG 3940,POLS 2478
LEED 1936,ICS 4537
PHYS 1439,ADRE 2240
ANTH 1656,RCTX 3156
RUSS 4792,ART 2876
CHEM 2528,ENED 3708
IDSN 2385,BMSC 1334
ECON 3870,ENTR 4000
HIST 1742,HSMA 4221
ADED 4474,JUST 4762
CLSC 2551,IPAM 2115
ANTH 2004,ITAL 3247
GRBK 3479,IRHE 4865
WOST 2723,ETHN 1238
KINE 4341,ANTH 2267
ADRE 2003,ADRE 1445
DNCE 4379,ISE 2425
SECS 2906,HIST 2771
BMSC 3384,PLAN 2358
GENS 1471,AERO 4545
MAST 4140,MLSC 1586
HMGT 1742,BMSC 1339
FACS 2466,RCTX 4862
GRAD 1448,CHIN 1770
ARTH 2051,MAST 3157
SCIE 2898,MLSC 3296
ISE 2069,MGMT 1077
HUMS 3737,RUSI 4218
AERO 3054,MENG 3888
HIST 1308,EDTC 1383
RELI 3031,ITAL 4273
ITAL 4234,KINE 2106
SPED 4899,ATMO 2414
ENTR 2031,MGMT 3129
CLAS 2948,CLSC 1027
CHIN 3374,CLAS 4649
CSDI 3257,MULT 2202
FINA 2093,ECON 1152
LATN 3199,GENS 3586
DNCE 3056,AERO 4545
BUSI 3178,MUSC 1312
ASLS 1691,ATMO 3277
FACS 1752,BMSC 2728
MIDG 3499,LDSP 1660
IRHE 3255,RCSC 3199
PHYS 3167,EDTC 2020
NEUR 4420,READ 2154
ITAL 3308,HSMA 2260
PHYS 4291,ASLS 1691
CMGT 1653,MPH 3814
CLSC 4077,CMED 2998
CHIN 4370,NCST 4648
POLS 2478,OMGT 4517
CSCI 1969,POLS 2282
THEA 2434,TCHR 4135
PHIL 3706,PSYC 3122
EDTC 3338,ARTH 1749
DRED 3358,ARTH 4482
BISC 2129,TCHR 2101
ASIA 2488,READ 1884
MRCH 2587,CLSC 3391
GRAD 3130,ITEC 2372
MPH 3642,AERO 2763
MENG 2778,COMM 2552
GERO 2135,SENG 3219
RCSC 3431,DRED 4372
COAD 4404,ITAL 4606
HMGT 2543,GERM 1409
PATH 2069,HNRS 2511
SPAN 2650,GRAD 2724
IDIS 4729,BIOS 4132
COAD 2886,ART 4669
FLGC 4310,LATN 1478
PATH 3089,SPED 4852
UNIV 4459,LEED 1215
OCCT 3555,SPED 3884
ANAT 3776,SPAN 3245
WOST 3060,AAAS 3722
CLAS 4337,CMGT 4434
NEUR 4787,HIST 2771
HSMA 4139,PHIL 2342
COAS 2775,ECON 2080
ADRE 3625,ANAT 1917
HIST 2170,BIOL 4768
ONCO 2319,COHE 3039
ATMO 2172,PLAN 1964
GRK 3686,IRHE 3185
MATE 4664,PLAN 2623
LING 1645,ENVE 3312
SPAN 2263,ATEP 3881
HMGT 1570,NEUR 4845
IENG 2224,SAFT 1396
LDHE 1873,HIED 4613
IDIS 1119,COHE 1057
CLSC 3393,HPRO 2946
HIST 1440,NURS 1342
RONC 4811,ETHN 3282
ENGR 3341,ENGL 1103
FACS 4418,ICS 1071
ART 4333,LEED 1936
TCHR 1778,COHE 4822
ARTH 4068,JUST 4661
MIDG 3751,BIOE 2813
ICTN 3957,LEED 4413
PHYS 4493,GERM 2465
LIBS 1287,EHST 1045
IDSN 3917,GRAD 3555
JAPN 4438,ONCO 1031
HNRS 1037,NUTR 4178
RCTX 4794,COAS 4060
ENED 3785,SOCI 4124
ITAL 3840,IPAM 2170
DASC 1285,FACS 4493
LDHE 1854,MLSC 1125
TESL 2374,GRK 2067
BIME 4237,GENS 4156
BIOC 1333,GRBK 3557
SENG 4141,DESN 3409
PADM 2877,HUMS 2244
ELEM 3756,PTHE 3893
MRCH 1438,MGMT 1858
MKTG 4804,ENGR 3370
GRBK 1685,KINE 2825
MATE 4500,HSMA 2078
PTHE 2315,GRBK 3596
ENGR 4158,RCSC 1698
EDUC 2742,ENED 3347
POLS 3885,PHIL 2086
ADED 2492,CSDI 1270
GENS 3987,COMM 2825
IDIS 2052,SOCI 4700
FLGC 1872,HPRO 4140
LIBS 3863,BMSC 1084
RCSC 2530,ELEM 2065
GIFT 2483,PADM 2516
ENVE 4083,JUST 3203
FINA 3829,PHAR 2270
GERM 2433,AERO 3504
HMGT 4102,FINA 2701
BUSI 4673,GLST 1158
ISE 3898,MRST 1814
ADRE 4252,MATH 2165
SUTO 4770,SOCW 2847
MLSC 1125,LATN 2730
NUTR 3137,GIFT 3211
CMED 1410,ENTR 1558
ENED 2699,SOCW 1318
PUBH 3253,ITAL 1232
BIOS 1302,RCTX 3958
LEED 4413,HSMA 2078
HLTH 2882,ATMO 1437
ENGR 2526,RUSI 4165
ITAL 2925,ITEC 2647
MULT 4044,OMGT 2365
CHIN 3631,CSCI 3510
FORL 3690,CMGT 3763
COAS 2884,HMGT 2807
MIDG 3975,ELEM 1636
PHLY 2359,GENS 2708
MATE 2879,RUSS 2051
GENS 1257,IDIS 3195
PUBH 3920,ENGL 1305
DRED 3740,THEA 2004
ANAT 1645,THEA 3689
MGMT 4413,HIED 4661
MATH 4748,MULT 4041
RUSS 2224,NURS 1143
AAAS 2476,IDSN 1199
BIOS 4593,IDIS 1030
BIOE 4246,MRST 4472
HDFS 2531,MGMT 1838
SUTO 3192,MRCH 1438
ADED 4101,HIMA 2372
GRAD 4225,RONC 3529
ANAT 4221,CSDI 3726
ENTR 3747,ELEM 4721
POLS 2117,BIOL 3394
DNCE 4238,ISE 3974
HUMS 3763,HLTH 4062
CLSC 3393,MGMT 3602
FINA 3643,RONC 2448
MKTG 1233,COAS 4041
DRED 2828,ASIA 3345
IRHE 3766,ENED 4221
TCHR 1259,PHLY 4667
BIOS 3350,PATH 1568
EHST 3755,CLAS 1129
GERM 3486,GRK 2601
NCST 2405,IDSN 4386
ICTN 4794,BITE 3440
NURS 2565,RUSS 4898
SENG 2336,BIOE 4440
BIOE 4440,RCSC 2620
ENED 3891,ELEM 1855
ELEM 4721,LDHE 1503
OCCT 1469,LEED 2890
CHEM 2692,BIOE 1998
FACS 2900,CLAS 4750
BIOS 1599,IENG 2798
RONC 3991,PADP 2580
CHIN 2113,COAD 3519
PTHE 2123,FACS 2466
ART 3225,OMGT 2721
RCSC 2974,NEUR 4219
CLSC 2377,SUTO 4770
RUSS 1475,AERO 2088
COAD 2886,MGMT 4504
MCBI 3411,ONCO 3385
PATH 4782,TESL 2374
ITAL 4283,ASIA 2488
MATH 2446,JAPN 2334
ENGR 2094,JAPN 3164
MULT 2061,BISC 4841
ITEC 4018,EDUC 2205
BIME 4710,KINE 1626
HSMA 3966,SECS 1168
MUSC 1924,CSDI 2613
ATMO 1237,IENG 4809
NURS 2387,GRBK 4018
SENG 3354,SCIE 1597
HIED 3721,CLSC 3465
LDHE 1604,CHEM 4524
SOCI 2711,ECON 1950
IDIS 1564,HPRO 3547
LIBS 2140,RUSS 4774
PHAR 4362,ECON 2938
COAD 2479,SCIE 3449
MULT 2705,POLS 3438
BIOS 4042,TESL 2710
EENG 3352,SPAN 2896
IPAM 1766,ITEC 1441
COHE 1288,HMGT 3883
MAST 2468,ATMO 3421
MULT 1785,TESL 4717
ICS 2265,NURS 3655
ATMO 3551,LEED 3751
PTHE 2720,NEUR 3191
HMGT 4737,ICTN 4369
IDIS 1767,PHLY 2359
NEUR 3544,ART 4411
SENG 3992,ENTR 1115
RUSI 2646,JUST 2589
EENG 4551,SOCW 1275
GIFT 3211,MRST 4721
EDUC 2092,MCBI 4351
BIME 2301,HDFS 3662
SOCW 4124,ART 3369
ATEP 3229,ARTH 3413
FINA 3817,CMED 1410
COHE 1412,BISC 2780
LDHE 3593,AAAS 4442
COMM 1234,BIOC 2437
SENG 2307,SECS 4518
PSYC 2110,COAS 3521
OMGT 4782,RONC 2106
RUSS 2469,FINA 3817
PHYS 4118,HMGT 4349
CSDI 1732,LIBS 1868
ART 2737,CSDI 1474
EDTC 1669,ETHN 3554
JUST 4689,MENG 4416
READ 2585,MRCH 1249
GLST 4609,IDSN 3493
BISC 4451,BITE 2327
PTHE 2315,RUSI 4659
PTHE 2315,OCCT 4813
HLTH 4220,ICS 3474
PTHE 3751,CSCI 3871
ANTH 1386,RCSC 2509
NURS 2076,MENG 3746
BIOE 3941,PADM 4851
LEED 3129,READ 4454
ASLS 1331,BUSI 2107
INTL 1592,RONC 3829
COMM 3108,KINE 4858
DNCE 1577,NEUR 2549
AERO 4160,CHIN 3834
COMM 1643,ONCO 4008
IDSN 4241,GRBK 2913
HIST 3596,TESL 4900
NCST 2357,OMGT 2819
ACCT 2515,ADED 4186
EENG 1301,GRAD 4112
IPAM 3243,PHAR 2672
BIOS 4343,BMSC 4132
BIOC 1406,NCST 1353
ANAT 2560,FILM 4160
DNCE 4063,GERM 1409
DNCE 4063,FLGC 1500
SOCI 2275,BISC 2639
NCST 2357,OMGT 2292
LING 2331,GRAD 4225
ICS 3081,MATE 1302
TCHR 3043,AERO 3174
PUBH 4637,HIMA 3115
RUSS 2898,ATEP 3466
GRK 4135,JAPN 2489
ELEM 3643,PLAN 3215
ECON 1647,BIOS 2207
TESL 2235,ANAT 2294
ICS 1071,BIME 2301
COHE 1380,BUSI 3188
BUSI 3733,BUSI 3188
MCBI 4539,RONC 4211
COHE 4577,ITAL 3841
SECS 2906,COMM 2009
INTL 2547,PADP 1017
OMGT 4023,NURS 2387
IPAM 1860,MIDG 3975
IENG 4496,PHIL 2869
FILM 4051,NURS 2620
CLAS 4573,FLGC 4424
MIS 4121,PHYS 4493
HPRO 3508,ENGL 1821
LATN 1052,DNCE 4150
CMED 2016,GIFT 2891
KINE 2945,MENG 4183
COAD 2479,ELEM 3939
SOCI 3275,EDUC 4453
EHST 4377,FACS 3435
GEOG 1054,HNRS 1659
BMSC 3570,BIOL 3107
ADRE 3113,KINE 2543
NEUR 2949,RCSC 1018
UNIV 2076,IPAM 1927
RELI 1573,EDUC 2205
BUSI 1879,FILM 2946
THEA 2434,SPAN 2866
MIDG 3143,RCTX 3478
HIST 2703,PHYS 2948
SUTO 2490,BUSI 2107
GIFT 3395,MLSC 3726
ENGL 3385,NUTR 2339
NURS 2565,ATEP 4572
GENS 1257,IDSN 1162
UNIV 3561,JUST 1900
HSMA 2257,PTHE 2844
BMSC 3125,ANAT 1103
PADM 4851,IDIS 1678
MIDG 2844,ATEP 3881
IRHE 3936,ITEC 1453
ITEC 1539,CMGT 2787
SENG 3909,TCHR 2713
HPRO 3380,ATEP 4413
OCCT 2750,PADM 4792
CMED 3002,RONC 2543
JAPN 2334,PHIL 4180
COAD 3371,IDSN 2111
AAAS 1143,IDSN 4775
GEOG 3795,GRK 3691
MGMT 4359,FILM 3008
IPAM 3948,ATMO 1774
MUSC 1913,GEOG 2323
GRBK 1794,SENG 2336
PADM 3100,JUST 3511
BITE 3516,BIOS 4315
ASIA 3177,THEA 1725
GLST 1659,EHST 3536
BIOC 3759,TESL 2165
MLSC 1005,PHIL 2913
BIOL 1929,PATH 1381
SENG 4575,TCHR 3657
SOCW 1704,AERO 4331
DESN 4495,RCSC 1698
ITAL 3404,GENS 3705
FILM 4356,HIST 1440
NURS 3655,HUMS 1246
HDFS 4361,CHEM 4806
MRCH 4680,ENTR 1429
ONCO 1419,RCSC 4795
PLAN 2259,CSCI 3871
FILM 1370,KINE 3773
BIOE 2456,CMGT 1789
SCIE 2403,ANAT 3931
MATH 3695,HIMA 2372
POLS 3438,MKTG 4033
SAFT 2083,MIDG 2727
FACS 1752,IDSN 4606
THEA 3443,MKTG 1233
GEOG 2165,RONC 4371
EDTC 2020,GRBK 3353
ENTR 1771,OCCT 1788
COMM 3327,HDFS 3401
DASC 2365,MENG 2886
FLGC 3351,DASC 3359
GERO 4620,MRST 4472
FILM 4535,BISC 2129
ASIA 4557,MATH 2359
MULT 1779,GERM 1036
MGMT 4034,MENG 4319
ENTR 1730,ARTH 1797
PADP 4247,GEOL 2706
PHIL 4664,GRK 4753
BUSI 3178,PUBH 4028
ARTH 4238,SOCI 4317
RCSC 2983,PUBH 3388
ENTR 1115,HIED 3447
TCHR 3935,COAS 2775
